signal_id,ehtimollik
SG_000001,0.5
SG_000007,0.5
SG_000009,0.5
SG_000010,0.5
SG_000011,0.5
SG_000018,0.5
SG_000024,0.5
SG_000026,0.5
SG_000032,0.5
SG_000033,0.5
SG_000034,0.5
SG_000036,0.5
SG_000039,0.5
SG_000048,0.5
SG_000049,0.5
SG_000050,0.5
SG_000053,0.5
SG_000054,0.5
SG_000055,0.5
SG_000058,0.5
SG_000059,0.5
SG_000061,0.5
SG_000062,0.5
SG_000072,0.5
SG_000073,0.5
SG_000075,0.5
SG_000080,0.5
SG_000081,0.5
SG_000083,0.5
SG_000086,0.5
SG_000087,0.5
SG_000092,0.5
SG_000099,0.5
SG_000100,0.5
SG_000105,0.5
SG_000106,0.5
SG_000107,0.5
SG_000118,0.5
SG_000120,0.5
SG_000125,0.5
SG_000129,0.5
SG_000137,0.5
SG_000146,0.5
SG_000147,0.5
SG_000149,0.5
SG_000153,0.5
SG_000161,0.5
SG_000163,0.5
SG_000165,0.5
SG_000173,0.5
SG_000178,0.5
SG_000179,0.5
SG_000187,0.5
SG_000192,0.5
SG_000193,0.5
SG_000195,0.5
SG_000196,0.5
SG_000201,0.5
SG_000203,0.5
SG_000205,0.5
SG_000207,0.5
SG_000211,0.5
SG_000214,0.5
SG_000217,0.5
SG_000218,0.5
SG_000219,0.5
SG_000227,0.5
SG_000229,0.5
SG_000232,0.5
SG_000240,0.5
SG_000242,0.5
SG_000244,0.5
SG_000246,0.5
SG_000250,0.5
SG_000253,0.5
SG_000262,0.5
SG_000269,0.5
SG_000270,0.5
SG_000271,0.5
SG_000284,0.5
SG_000286,0.5
SG_000287,0.5
SG_000290,0.5
SG_000291,0.5
SG_000301,0.5
SG_000302,0.5
SG_000304,0.5
SG_000306,0.5
SG_000309,0.5
SG_000314,0.5
SG_000319,0.5
SG_000320,0.5
SG_000321,0.5
SG_000325,0.5
SG_000328,0.5
SG_000329,0.5
SG_000333,0.5
SG_000334,0.5
SG_000335,0.5
SG_000339,0.5
SG_000341,0.5
SG_000345,0.5
SG_000347,0.5
SG_000349,0.5
SG_000350,0.5
SG_000351,0.5
SG_000357,0.5
SG_000360,0.5
SG_000366,0.5
SG_000368,0.5
SG_000370,0.5
SG_000378,0.5
SG_000386,0.5
SG_000394,0.5
SG_000395,0.5
SG_000397,0.5
SG_000398,0.5
SG_000401,0.5
SG_000402,0.5
SG_000414,0.5
SG_000415,0.5
SG_000419,0.5
SG_000420,0.5
SG_000422,0.5
SG_000425,0.5
SG_000430,0.5
SG_000431,0.5
SG_000435,0.5
SG_000436,0.5
SG_000440,0.5
SG_000444,0.5
SG_000450,0.5
SG_000452,0.5
SG_000454,0.5
SG_000460,0.5
SG_000462,0.5
SG_000471,0.5
SG_000474,0.5
SG_000475,0.5
SG_000476,0.5
SG_000480,0.5
SG_000482,0.5
SG_000484,0.5
SG_000487,0.5
SG_000488,0.5
SG_000494,0.5
SG_000496,0.5
SG_000497,0.5
SG_000498,0.5
SG_000501,0.5
SG_000506,0.5
SG_000511,0.5
SG_000513,0.5
SG_000524,0.5
SG_000526,0.5
SG_000527,0.5
SG_000530,0.5
SG_000535,0.5
SG_000536,0.5
SG_000551,0.5
SG_000561,0.5
SG_000563,0.5
SG_000567,0.5
SG_000572,0.5
SG_000580,0.5
SG_000583,0.5
SG_000585,0.5
SG_000588,0.5
SG_000591,0.5
SG_000593,0.5
SG_000594,0.5
SG_000598,0.5
SG_000603,0.5
SG_000610,0.5
SG_000614,0.5
SG_000615,0.5
SG_000616,0.5
SG_000617,0.5
SG_000619,0.5
SG_000621,0.5
SG_000629,0.5
SG_000633,0.5
SG_000634,0.5
SG_000638,0.5
SG_000640,0.5
SG_000643,0.5
SG_000646,0.5
SG_000648,0.5
SG_000657,0.5
SG_000662,0.5
SG_000665,0.5
SG_000666,0.5
SG_000672,0.5
SG_000674,0.5
SG_000677,0.5
SG_000678,0.5
SG_000679,0.5
SG_000691,0.5
SG_000692,0.5
SG_000693,0.5
SG_000695,0.5
SG_000696,0.5
SG_000698,0.5
SG_000706,0.5
SG_000709,0.5
SG_000713,0.5
SG_000716,0.5
SG_000717,0.5
SG_000719,0.5
SG_000722,0.5
SG_000727,0.5
SG_000734,0.5
SG_000737,0.5
SG_000739,0.5
SG_000742,0.5
SG_000743,0.5
SG_000750,0.5
SG_000751,0.5
SG_000759,0.5
SG_000762,0.5
SG_000764,0.5
SG_000768,0.5
SG_000769,0.5
SG_000770,0.5
SG_000788,0.5
SG_000790,0.5
SG_000797,0.5
SG_000798,0.5
SG_000799,0.5
SG_000802,0.5
SG_000803,0.5
SG_000809,0.5
SG_000811,0.5
SG_000812,0.5
SG_000816,0.5
SG_000817,0.5
SG_000820,0.5
SG_000821,0.5
SG_000826,0.5
SG_000840,0.5
SG_000849,0.5
SG_000851,0.5
SG_000856,0.5
SG_000857,0.5
SG_000864,0.5
SG_000865,0.5
SG_000875,0.5
SG_000883,0.5
SG_000888,0.5
SG_000889,0.5
SG_000890,0.5
SG_000891,0.5
SG_000903,0.5
SG_000907,0.5
SG_000909,0.5
SG_000910,0.5
SG_000911,0.5
SG_000912,0.5
SG_000913,0.5
SG_000917,0.5
SG_000920,0.5
SG_000928,0.5
SG_000934,0.5
SG_000935,0.5
SG_000938,0.5
SG_000940,0.5
SG_000943,0.5
SG_000945,0.5
SG_000946,0.5
SG_000948,0.5
SG_000950,0.5
SG_000954,0.5
SG_000959,0.5
SG_000963,0.5
SG_000965,0.5
SG_000968,0.5
SG_000970,0.5
SG_000973,0.5
SG_000975,0.5
SG_000977,0.5
SG_000980,0.5
SG_000981,0.5
SG_000985,0.5
SG_000987,0.5
SG_000988,0.5
SG_000990,0.5
SG_000991,0.5
SG_001002,0.5
SG_001004,0.5
SG_001009,0.5
SG_001010,0.5
SG_001014,0.5
SG_001023,0.5
SG_001027,0.5
SG_001028,0.5
SG_001030,0.5
SG_001031,0.5
SG_001032,0.5
SG_001042,0.5
SG_001048,0.5
SG_001049,0.5
SG_001052,0.5
SG_001058,0.5
SG_001060,0.5
SG_001066,0.5
SG_001067,0.5
SG_001070,0.5
SG_001071,0.5
SG_001075,0.5
SG_001076,0.5
SG_001078,0.5
SG_001081,0.5
SG_001085,0.5
SG_001086,0.5
SG_001100,0.5
SG_001101,0.5
SG_001102,0.5
SG_001106,0.5
SG_001107,0.5
SG_001108,0.5
SG_001109,0.5
SG_001111,0.5
SG_001117,0.5
SG_001121,0.5
SG_001123,0.5
SG_001125,0.5
SG_001126,0.5
SG_001128,0.5
SG_001133,0.5
SG_001135,0.5
SG_001143,0.5
SG_001153,0.5
SG_001155,0.5
SG_001157,0.5
SG_001159,0.5
SG_001161,0.5
SG_001163,0.5
SG_001167,0.5
SG_001180,0.5
SG_001181,0.5
SG_001182,0.5
SG_001184,0.5
SG_001188,0.5
SG_001190,0.5
SG_001192,0.5
SG_001196,0.5
SG_001201,0.5
SG_001202,0.5
SG_001203,0.5
SG_001205,0.5
SG_001208,0.5
SG_001210,0.5
SG_001211,0.5
SG_001213,0.5
SG_001215,0.5
SG_001217,0.5
SG_001225,0.5
SG_001226,0.5
SG_001229,0.5
SG_001230,0.5
SG_001236,0.5
SG_001237,0.5
SG_001243,0.5
SG_001245,0.5
SG_001248,0.5
SG_001252,0.5
SG_001255,0.5
SG_001257,0.5
SG_001262,0.5
SG_001264,0.5
SG_001267,0.5
SG_001279,0.5
SG_001285,0.5
SG_001287,0.5
SG_001293,0.5
SG_001296,0.5
SG_001298,0.5
SG_001303,0.5
SG_001305,0.5
SG_001306,0.5
SG_001309,0.5
SG_001312,0.5
SG_001313,0.5
SG_001314,0.5
SG_001316,0.5
SG_001318,0.5
SG_001319,0.5
SG_001321,0.5
SG_001322,0.5
SG_001327,0.5
SG_001331,0.5
SG_001335,0.5
SG_001336,0.5
SG_001349,0.5
SG_001350,0.5
SG_001352,0.5
SG_001354,0.5
SG_001361,0.5
SG_001362,0.5
SG_001364,0.5
SG_001374,0.5
SG_001389,0.5
SG_001390,0.5
SG_001395,0.5
SG_001397,0.5
SG_001401,0.5
SG_001402,0.5
SG_001405,0.5
SG_001412,0.5
SG_001415,0.5
SG_001419,0.5
SG_001421,0.5
SG_001423,0.5
SG_001432,0.5
SG_001433,0.5
SG_001441,0.5
SG_001446,0.5
SG_001447,0.5
SG_001448,0.5
SG_001453,0.5
SG_001458,0.5
SG_001465,0.5
SG_001469,0.5
SG_001470,0.5
SG_001472,0.5
SG_001476,0.5
SG_001478,0.5
SG_001480,0.5
SG_001484,0.5
SG_001487,0.5
SG_001493,0.5
SG_001494,0.5
SG_001500,0.5
SG_001505,0.5
SG_001506,0.5
SG_001510,0.5
SG_001514,0.5
SG_001520,0.5
SG_001525,0.5
SG_001527,0.5
SG_001528,0.5
SG_001529,0.5
SG_001531,0.5
SG_001541,0.5
SG_001542,0.5
SG_001543,0.5
SG_001545,0.5
SG_001549,0.5
SG_001557,0.5
SG_001558,0.5
SG_001561,0.5
SG_001562,0.5
SG_001563,0.5
SG_001567,0.5
SG_001568,0.5
SG_001569,0.5
SG_001570,0.5
SG_001571,0.5
SG_001572,0.5
SG_001573,0.5
SG_001576,0.5
SG_001584,0.5
SG_001590,0.5
SG_001591,0.5
SG_001592,0.5
SG_001595,0.5
SG_001601,0.5
SG_001604,0.5
SG_001609,0.5
SG_001610,0.5
SG_001612,0.5
SG_001613,0.5
SG_001615,0.5
SG_001623,0.5
SG_001624,0.5
SG_001631,0.5
SG_001634,0.5
SG_001636,0.5
SG_001638,0.5
SG_001647,0.5
SG_001650,0.5
SG_001653,0.5
SG_001654,0.5
SG_001658,0.5
SG_001663,0.5
SG_001667,0.5
SG_001668,0.5
SG_001670,0.5
SG_001683,0.5
SG_001686,0.5
SG_001688,0.5
SG_001689,0.5
SG_001698,0.5
SG_001704,0.5
SG_001711,0.5
SG_001719,0.5
SG_001720,0.5
SG_001723,0.5
SG_001726,0.5
SG_001728,0.5
SG_001731,0.5
SG_001733,0.5
SG_001734,0.5
SG_001735,0.5
SG_001737,0.5
SG_001738,0.5
SG_001739,0.5
SG_001740,0.5
SG_001744,0.5
SG_001745,0.5
SG_001750,0.5
SG_001751,0.5
SG_001761,0.5
SG_001767,0.5
SG_001768,0.5
SG_001769,0.5
SG_001776,0.5
SG_001786,0.5
SG_001788,0.5
SG_001789,0.5
SG_001790,0.5
SG_001791,0.5
SG_001792,0.5
SG_001793,0.5
SG_001796,0.5
SG_001797,0.5
SG_001803,0.5
SG_001804,0.5
SG_001806,0.5
SG_001811,0.5
SG_001815,0.5
SG_001819,0.5
SG_001824,0.5
SG_001825,0.5
SG_001827,0.5
SG_001830,0.5
SG_001831,0.5
SG_001833,0.5
SG_001836,0.5
SG_001844,0.5
SG_001846,0.5
SG_001847,0.5
SG_001848,0.5
SG_001849,0.5
SG_001851,0.5
SG_001858,0.5
SG_001860,0.5
SG_001862,0.5
SG_001864,0.5
SG_001865,0.5
SG_001867,0.5
SG_001872,0.5
SG_001876,0.5
SG_001877,0.5
SG_001883,0.5
SG_001884,0.5
SG_001885,0.5
SG_001886,0.5
SG_001888,0.5
SG_001890,0.5
SG_001892,0.5
SG_001893,0.5
SG_001894,0.5
SG_001895,0.5
SG_001897,0.5
SG_001901,0.5
SG_001903,0.5
SG_001904,0.5
SG_001906,0.5
SG_001909,0.5
SG_001912,0.5
SG_001914,0.5
SG_001915,0.5
SG_001919,0.5
SG_001924,0.5
SG_001925,0.5
SG_001928,0.5
SG_001930,0.5
SG_001932,0.5
SG_001933,0.5
SG_001934,0.5
SG_001936,0.5
SG_001947,0.5
SG_001953,0.5
SG_001954,0.5
SG_001955,0.5
SG_001963,0.5
SG_001971,0.5
SG_001975,0.5
SG_001976,0.5
SG_001977,0.5
SG_001980,0.5
SG_001981,0.5
SG_001982,0.5
SG_001990,0.5
SG_001999,0.5
SG_002000,0.5
SG_002002,0.5
SG_002004,0.5
SG_002008,0.5
SG_002009,0.5
SG_002016,0.5
SG_002021,0.5
SG_002024,0.5
SG_002027,0.5
SG_002037,0.5
SG_002038,0.5
SG_002039,0.5
SG_002044,0.5
SG_002045,0.5
SG_002048,0.5
SG_002050,0.5
SG_002052,0.5
SG_002063,0.5
SG_002067,0.5
SG_002068,0.5
SG_002069,0.5
SG_002074,0.5
SG_002075,0.5
SG_002078,0.5
SG_002081,0.5
SG_002090,0.5
SG_002097,0.5
SG_002103,0.5
SG_002105,0.5
SG_002110,0.5
SG_002122,0.5
SG_002123,0.5
SG_002125,0.5
SG_002129,0.5
SG_002131,0.5
SG_002137,0.5
SG_002142,0.5
SG_002150,0.5
SG_002151,0.5
SG_002152,0.5
SG_002166,0.5
SG_002171,0.5
SG_002172,0.5
SG_002176,0.5
SG_002177,0.5
SG_002181,0.5
SG_002184,0.5
SG_002185,0.5
SG_002186,0.5
SG_002191,0.5
SG_002192,0.5
SG_002194,0.5
SG_002200,0.5
SG_002209,0.5
SG_002213,0.5
SG_002220,0.5
SG_002223,0.5
SG_002227,0.5
SG_002228,0.5
SG_002233,0.5
SG_002241,0.5
SG_002248,0.5
SG_002251,0.5
SG_002252,0.5
SG_002254,0.5
SG_002255,0.5
SG_002260,0.5
SG_002262,0.5
SG_002263,0.5
SG_002266,0.5
SG_002270,0.5
SG_002277,0.5
SG_002278,0.5
SG_002280,0.5
SG_002281,0.5
SG_002283,0.5
SG_002284,0.5
SG_002286,0.5
SG_002288,0.5
SG_002291,0.5
SG_002292,0.5
SG_002294,0.5
SG_002296,0.5
SG_002298,0.5
SG_002301,0.5
SG_002304,0.5
SG_002311,0.5
SG_002319,0.5
SG_002320,0.5
SG_002322,0.5
SG_002324,0.5
SG_002328,0.5
SG_002332,0.5
SG_002341,0.5
SG_002346,0.5
SG_002347,0.5
SG_002352,0.5
SG_002357,0.5
SG_002361,0.5
SG_002370,0.5
SG_002371,0.5
SG_002372,0.5
SG_002373,0.5
SG_002374,0.5
SG_002375,0.5
SG_002381,0.5
SG_002385,0.5
SG_002387,0.5
SG_002390,0.5
SG_002391,0.5
SG_002392,0.5
SG_002394,0.5
SG_002396,0.5
SG_002401,0.5
SG_002402,0.5
SG_002404,0.5
SG_002407,0.5
SG_002410,0.5
SG_002419,0.5
SG_002421,0.5
SG_002422,0.5
SG_002423,0.5
SG_002429,0.5
SG_002430,0.5
SG_002434,0.5
SG_002437,0.5
SG_002442,0.5
SG_002444,0.5
SG_002447,0.5
SG_002448,0.5
SG_002450,0.5
SG_002453,0.5
SG_002454,0.5
SG_002455,0.5
SG_002456,0.5
SG_002458,0.5
SG_002459,0.5
SG_002460,0.5
SG_002462,0.5
SG_002464,0.5
SG_002466,0.5
SG_002475,0.5
SG_002477,0.5
SG_002479,0.5
SG_002482,0.5
SG_002483,0.5
SG_002486,0.5
SG_002490,0.5
SG_002493,0.5
SG_002495,0.5
SG_002498,0.5
SG_002500,0.5
SG_002502,0.5
SG_002507,0.5
SG_002509,0.5
SG_002517,0.5
SG_002520,0.5
SG_002522,0.5
SG_002526,0.5
SG_002529,0.5
SG_002532,0.5
SG_002539,0.5
SG_002541,0.5
SG_002544,0.5
SG_002545,0.5
SG_002546,0.5
SG_002548,0.5
SG_002555,0.5
SG_002559,0.5
SG_002568,0.5
SG_002572,0.5
SG_002573,0.5
SG_002577,0.5
SG_002580,0.5
SG_002583,0.5
SG_002586,0.5
SG_002587,0.5
SG_002588,0.5
SG_002594,0.5
SG_002596,0.5
SG_002597,0.5
SG_002599,0.5
SG_002600,0.5
SG_002601,0.5
SG_002605,0.5
SG_002613,0.5
SG_002615,0.5
SG_002618,0.5
SG_002622,0.5
SG_002627,0.5
SG_002628,0.5
SG_002630,0.5
SG_002633,0.5
SG_002638,0.5
SG_002649,0.5
SG_002650,0.5
SG_002652,0.5
SG_002653,0.5
SG_002654,0.5
SG_002657,0.5
SG_002664,0.5
SG_002665,0.5
SG_002666,0.5
SG_002667,0.5
SG_002672,0.5
SG_002673,0.5
SG_002674,0.5
SG_002675,0.5
SG_002680,0.5
SG_002684,0.5
SG_002688,0.5
SG_002689,0.5
SG_002691,0.5
SG_002693,0.5
SG_002699,0.5
SG_002701,0.5
SG_002705,0.5
SG_002720,0.5
SG_002731,0.5
SG_002733,0.5
SG_002735,0.5
SG_002736,0.5
SG_002738,0.5
SG_002742,0.5
SG_002746,0.5
SG_002748,0.5
SG_002752,0.5
SG_002755,0.5
SG_002757,0.5
SG_002759,0.5
SG_002767,0.5
SG_002770,0.5
SG_002773,0.5
SG_002777,0.5
SG_002782,0.5
SG_002783,0.5
SG_002785,0.5
SG_002788,0.5
SG_002789,0.5
SG_002793,0.5
SG_002796,0.5
SG_002798,0.5
SG_002809,0.5
SG_002814,0.5
SG_002820,0.5
SG_002825,0.5
SG_002827,0.5
SG_002829,0.5
SG_002832,0.5
SG_002834,0.5
SG_002840,0.5
SG_002842,0.5
SG_002843,0.5
SG_002849,0.5
SG_002850,0.5
SG_002853,0.5
SG_002875,0.5
SG_002882,0.5
SG_002887,0.5
SG_002891,0.5
SG_002896,0.5
SG_002904,0.5
SG_002906,0.5
SG_002907,0.5
SG_002910,0.5
SG_002918,0.5
SG_002926,0.5
SG_002930,0.5
SG_002932,0.5
SG_002937,0.5
SG_002939,0.5
SG_002943,0.5
SG_002944,0.5
SG_002947,0.5
SG_002949,0.5
SG_002950,0.5
SG_002952,0.5
SG_002954,0.5
SG_002955,0.5
SG_002958,0.5
SG_002960,0.5
SG_002964,0.5
SG_002967,0.5
SG_002972,0.5
SG_002982,0.5
SG_002985,0.5
SG_002989,0.5
SG_002999,0.5
SG_003002,0.5
SG_003008,0.5
SG_003023,0.5
SG_003024,0.5
SG_003026,0.5
SG_003028,0.5
SG_003030,0.5
SG_003031,0.5
SG_003037,0.5
SG_003042,0.5
SG_003043,0.5
SG_003044,0.5
SG_003045,0.5
SG_003048,0.5
SG_003049,0.5
SG_003051,0.5
SG_003052,0.5
SG_003059,0.5
SG_003062,0.5
SG_003065,0.5
SG_003067,0.5
SG_003071,0.5
SG_003072,0.5
SG_003073,0.5
SG_003075,0.5
SG_003080,0.5
SG_003082,0.5
SG_003084,0.5
SG_003085,0.5
SG_003088,0.5
SG_003089,0.5
SG_003096,0.5
SG_003097,0.5
SG_003102,0.5
SG_003105,0.5
SG_003107,0.5
SG_003111,0.5
SG_003116,0.5
SG_003118,0.5
SG_003125,0.5
SG_003127,0.5
SG_003133,0.5
SG_003135,0.5
SG_003137,0.5
SG_003138,0.5
SG_003139,0.5
SG_003141,0.5
SG_003144,0.5
SG_003151,0.5
SG_003154,0.5
SG_003158,0.5
SG_003160,0.5
SG_003164,0.5
SG_003168,0.5
SG_003169,0.5
SG_003174,0.5
SG_003179,0.5
SG_003184,0.5
SG_003186,0.5
SG_003193,0.5
SG_003196,0.5
SG_003198,0.5
SG_003201,0.5
SG_003204,0.5
SG_003205,0.5
SG_003206,0.5
SG_003211,0.5
SG_003214,0.5
SG_003215,0.5
SG_003216,0.5
SG_003217,0.5
SG_003219,0.5
SG_003226,0.5
SG_003227,0.5
SG_003230,0.5
SG_003231,0.5
SG_003232,0.5
SG_003234,0.5
SG_003239,0.5
SG_003241,0.5
SG_003243,0.5
SG_003250,0.5
SG_003253,0.5
SG_003256,0.5
SG_003259,0.5
SG_003266,0.5
SG_003272,0.5
SG_003273,0.5
SG_003281,0.5
SG_003284,0.5
SG_003288,0.5
SG_003293,0.5
SG_003294,0.5
SG_003295,0.5
SG_003296,0.5
SG_003301,0.5
SG_003304,0.5
SG_003305,0.5
SG_003307,0.5
SG_003310,0.5
SG_003314,0.5
SG_003321,0.5
SG_003325,0.5
SG_003328,0.5
SG_003331,0.5
SG_003332,0.5
SG_003333,0.5
SG_003340,0.5
SG_003341,0.5
SG_003342,0.5
SG_003349,0.5
SG_003355,0.5
SG_003357,0.5
SG_003361,0.5
SG_003370,0.5
SG_003371,0.5
SG_003373,0.5
SG_003374,0.5
SG_003379,0.5
SG_003388,0.5
SG_003389,0.5
SG_003390,0.5
SG_003391,0.5
SG_003392,0.5
SG_003393,0.5
SG_003397,0.5
SG_003398,0.5
SG_003399,0.5
SG_003402,0.5
SG_003404,0.5
SG_003407,0.5
SG_003408,0.5
SG_003422,0.5
SG_003426,0.5
SG_003430,0.5
SG_003434,0.5
SG_003437,0.5
SG_003439,0.5
SG_003440,0.5
SG_003441,0.5
SG_003444,0.5
SG_003447,0.5
SG_003452,0.5
SG_003453,0.5
SG_003464,0.5
SG_003469,0.5
SG_003475,0.5
SG_003477,0.5
SG_003479,0.5
SG_003480,0.5
SG_003482,0.5
SG_003483,0.5
SG_003485,0.5
SG_003486,0.5
SG_003489,0.5
SG_003491,0.5
SG_003492,0.5
SG_003493,0.5
SG_003501,0.5
SG_003505,0.5
SG_003509,0.5
SG_003517,0.5
SG_003521,0.5
SG_003526,0.5
SG_003528,0.5
SG_003532,0.5
SG_003535,0.5
SG_003538,0.5
SG_003541,0.5
SG_003545,0.5
SG_003548,0.5
SG_003549,0.5
SG_003554,0.5
SG_003557,0.5
SG_003566,0.5
SG_003568,0.5
SG_003572,0.5
SG_003575,0.5
SG_003578,0.5
SG_003584,0.5
SG_003585,0.5
SG_003588,0.5
SG_003589,0.5
SG_003594,0.5
SG_003597,0.5
SG_003598,0.5
SG_003601,0.5
SG_003603,0.5
SG_003610,0.5
SG_003611,0.5
SG_003613,0.5
SG_003618,0.5
SG_003619,0.5
SG_003620,0.5
SG_003625,0.5
SG_003627,0.5
SG_003628,0.5
SG_003629,0.5
SG_003637,0.5
SG_003648,0.5
SG_003650,0.5
SG_003666,0.5
SG_003668,0.5
SG_003670,0.5
SG_003671,0.5
SG_003689,0.5
SG_003691,0.5
SG_003699,0.5
SG_003702,0.5
SG_003704,0.5
SG_003705,0.5
SG_003706,0.5
SG_003708,0.5
SG_003710,0.5
SG_003711,0.5
SG_003714,0.5
SG_003715,0.5
SG_003722,0.5
SG_003745,0.5
SG_003746,0.5
SG_003751,0.5
SG_003754,0.5
SG_003757,0.5
SG_003758,0.5
SG_003765,0.5
SG_003767,0.5
SG_003768,0.5
SG_003769,0.5
SG_003777,0.5
SG_003783,0.5
SG_003786,0.5
SG_003787,0.5
SG_003788,0.5
SG_003792,0.5
SG_003795,0.5
SG_003806,0.5
SG_003807,0.5
SG_003809,0.5
SG_003810,0.5
SG_003812,0.5
SG_003820,0.5
SG_003822,0.5
SG_003829,0.5
SG_003835,0.5
SG_003843,0.5
SG_003844,0.5
SG_003851,0.5
SG_003852,0.5
SG_003856,0.5
SG_003860,0.5
SG_003863,0.5
SG_003865,0.5
SG_003868,0.5
SG_003869,0.5
SG_003874,0.5
SG_003878,0.5
SG_003880,0.5
SG_003881,0.5
SG_003886,0.5
SG_003896,0.5
SG_003904,0.5
SG_003905,0.5
SG_003906,0.5
SG_003907,0.5
SG_003908,0.5
SG_003910,0.5
SG_003917,0.5
SG_003919,0.5
SG_003920,0.5
SG_003921,0.5
SG_003922,0.5
SG_003925,0.5
SG_003926,0.5
SG_003935,0.5
SG_003937,0.5
SG_003940,0.5
SG_003941,0.5
SG_003945,0.5
SG_003951,0.5
SG_003958,0.5
SG_003959,0.5
SG_003961,0.5
SG_003966,0.5
SG_003967,0.5
SG_003969,0.5
SG_003972,0.5
SG_003977,0.5
SG_003978,0.5
SG_003979,0.5
SG_003988,0.5
SG_003992,0.5
SG_003994,0.5
SG_003995,0.5
SG_004001,0.5
SG_004002,0.5
SG_004011,0.5
SG_004012,0.5
SG_004016,0.5
SG_004019,0.5
SG_004034,0.5
SG_004036,0.5
SG_004041,0.5
SG_004042,0.5
SG_004045,0.5
SG_004048,0.5
SG_004049,0.5
SG_004050,0.5
SG_004054,0.5
SG_004060,0.5
SG_004063,0.5
SG_004064,0.5
SG_004065,0.5
SG_004066,0.5
SG_004071,0.5
SG_004074,0.5
SG_004078,0.5
SG_004079,0.5
SG_004080,0.5
SG_004081,0.5
SG_004083,0.5
SG_004087,0.5
SG_004089,0.5
SG_004091,0.5
SG_004093,0.5
SG_004094,0.5
SG_004100,0.5
SG_004107,0.5
SG_004109,0.5
SG_004110,0.5
SG_004111,0.5
SG_004123,0.5
SG_004126,0.5
SG_004127,0.5
SG_004129,0.5
SG_004130,0.5
SG_004131,0.5
SG_004136,0.5
SG_004140,0.5
SG_004149,0.5
SG_004152,0.5
SG_004155,0.5
SG_004157,0.5
SG_004163,0.5
SG_004164,0.5
SG_004168,0.5
SG_004170,0.5
SG_004171,0.5
SG_004174,0.5
SG_004175,0.5
SG_004178,0.5
SG_004181,0.5
SG_004184,0.5
SG_004186,0.5
SG_004187,0.5
SG_004191,0.5
SG_004192,0.5
SG_004197,0.5
SG_004201,0.5
SG_004204,0.5
SG_004207,0.5
SG_004209,0.5
SG_004214,0.5
SG_004218,0.5
SG_004220,0.5
SG_004223,0.5
SG_004224,0.5
SG_004225,0.5
SG_004228,0.5
SG_004229,0.5
SG_004230,0.5
SG_004235,0.5
SG_004238,0.5
SG_004239,0.5
SG_004244,0.5
SG_004253,0.5
SG_004256,0.5
SG_004257,0.5
SG_004258,0.5
SG_004262,0.5
SG_004263,0.5
SG_004265,0.5
SG_004268,0.5
SG_004269,0.5
SG_004271,0.5
SG_004286,0.5
SG_004289,0.5
SG_004290,0.5
SG_004291,0.5
SG_004297,0.5
SG_004300,0.5
SG_004302,0.5
SG_004305,0.5
SG_004306,0.5
SG_004312,0.5
SG_004313,0.5
SG_004315,0.5
SG_004320,0.5
SG_004321,0.5
SG_004322,0.5
SG_004325,0.5
SG_004326,0.5
SG_004339,0.5
SG_004342,0.5
SG_004347,0.5
SG_004348,0.5
SG_004349,0.5
SG_004350,0.5
SG_004357,0.5
SG_004358,0.5
SG_004359,0.5
SG_004362,0.5
SG_004365,0.5
SG_004368,0.5
SG_004369,0.5
SG_004370,0.5
SG_004378,0.5
SG_004379,0.5
SG_004388,0.5
SG_004390,0.5
SG_004391,0.5
SG_004401,0.5
SG_004404,0.5
SG_004405,0.5
SG_004406,0.5
SG_004408,0.5
SG_004415,0.5
SG_004417,0.5
SG_004419,0.5
SG_004420,0.5
SG_004422,0.5
SG_004423,0.5
SG_004426,0.5
SG_004427,0.5
SG_004429,0.5
SG_004432,0.5
SG_004439,0.5
SG_004445,0.5
SG_004447,0.5
SG_004448,0.5
SG_004451,0.5
SG_004457,0.5
SG_004458,0.5
SG_004460,0.5
SG_004461,0.5
SG_004462,0.5
SG_004464,0.5
SG_004465,0.5
SG_004469,0.5
SG_004474,0.5
SG_004475,0.5
SG_004476,0.5
SG_004477,0.5
SG_004480,0.5
SG_004482,0.5
SG_004484,0.5
SG_004486,0.5
SG_004494,0.5
SG_004504,0.5
SG_004508,0.5
SG_004509,0.5
SG_004511,0.5
SG_004514,0.5
SG_004515,0.5
SG_004518,0.5
SG_004521,0.5
SG_004526,0.5
SG_004530,0.5
SG_004534,0.5
SG_004536,0.5
SG_004538,0.5
SG_004539,0.5
SG_004541,0.5
SG_004549,0.5
SG_004552,0.5
SG_004553,0.5
SG_004556,0.5
SG_004559,0.5
SG_004562,0.5
SG_004565,0.5
SG_004568,0.5
SG_004576,0.5
SG_004577,0.5
SG_004593,0.5
SG_004594,0.5
SG_004600,0.5
SG_004602,0.5
SG_004608,0.5
SG_004609,0.5
SG_004612,0.5
SG_004614,0.5
SG_004617,0.5
SG_004620,0.5
SG_004623,0.5
SG_004626,0.5
SG_004631,0.5
SG_004632,0.5
SG_004633,0.5
SG_004635,0.5
SG_004637,0.5
SG_004638,0.5
SG_004641,0.5
SG_004645,0.5
SG_004652,0.5
SG_004653,0.5
SG_004655,0.5
SG_004656,0.5
SG_004658,0.5
SG_004659,0.5
SG_004662,0.5
SG_004664,0.5
SG_004668,0.5
SG_004669,0.5
SG_004672,0.5
SG_004676,0.5
SG_004682,0.5
SG_004685,0.5
SG_004689,0.5
SG_004695,0.5
SG_004697,0.5
SG_004700,0.5
SG_004701,0.5
SG_004709,0.5
SG_004710,0.5
SG_004712,0.5
SG_004716,0.5
SG_004720,0.5
SG_004721,0.5
SG_004723,0.5
SG_004731,0.5
SG_004736,0.5
SG_004737,0.5
SG_004738,0.5
SG_004739,0.5
SG_004742,0.5
SG_004751,0.5
SG_004753,0.5
SG_004755,0.5
SG_004757,0.5
SG_004760,0.5
SG_004761,0.5
SG_004762,0.5
SG_004763,0.5
SG_004764,0.5
SG_004766,0.5
SG_004769,0.5
SG_004772,0.5
SG_004773,0.5
SG_004782,0.5
SG_004784,0.5
SG_004786,0.5
SG_004787,0.5
SG_004789,0.5
SG_004797,0.5
SG_004798,0.5
SG_004799,0.5
SG_004801,0.5
SG_004804,0.5
SG_004813,0.5
SG_004816,0.5
SG_004817,0.5
SG_004818,0.5
SG_004821,0.5
SG_004827,0.5
SG_004828,0.5
SG_004829,0.5
SG_004830,0.5
SG_004831,0.5
SG_004836,0.5
SG_004840,0.5
SG_004842,0.5
SG_004844,0.5
SG_004846,0.5
SG_004853,0.5
SG_004855,0.5
SG_004856,0.5
SG_004866,0.5
SG_004867,0.5
SG_004868,0.5
SG_004873,0.5
SG_004877,0.5
SG_004881,0.5
SG_004882,0.5
SG_004887,0.5
SG_004898,0.5
SG_004900,0.5
SG_004906,0.5
SG_004907,0.5
SG_004912,0.5
SG_004913,0.5
SG_004919,0.5
SG_004922,0.5
SG_004923,0.5
SG_004925,0.5
SG_004927,0.5
SG_004929,0.5
SG_004930,0.5
SG_004939,0.5
SG_004942,0.5
SG_004944,0.5
SG_004945,0.5
SG_004959,0.5
SG_004960,0.5
SG_004964,0.5
SG_004968,0.5
SG_004969,0.5
SG_004973,0.5
SG_004975,0.5
SG_004981,0.5
SG_004985,0.5
SG_004988,0.5
SG_004990,0.5
SG_004993,0.5
SG_004997,0.5
SG_005000,0.5
SG_005002,0.5
SG_005004,0.5
SG_005011,0.5
SG_005013,0.5
SG_005018,0.5
SG_005019,0.5
SG_005020,0.5
SG_005022,0.5
SG_005027,0.5
SG_005029,0.5
SG_005030,0.5
SG_005031,0.5
SG_005033,0.5
SG_005037,0.5
SG_005041,0.5
SG_005048,0.5
SG_005049,0.5
SG_005052,0.5
SG_005057,0.5
SG_005058,0.5
SG_005062,0.5
SG_005080,0.5
SG_005085,0.5
SG_005086,0.5
SG_005089,0.5
SG_005090,0.5
SG_005091,0.5
SG_005094,0.5
SG_005097,0.5
SG_005098,0.5
SG_005100,0.5
SG_005101,0.5
SG_005102,0.5
SG_005108,0.5
SG_005110,0.5
SG_005114,0.5
SG_005120,0.5
SG_005122,0.5
SG_005123,0.5
SG_005126,0.5
SG_005131,0.5
SG_005132,0.5
SG_005134,0.5
SG_005137,0.5
SG_005140,0.5
SG_005141,0.5
SG_005142,0.5
SG_005143,0.5
SG_005148,0.5
SG_005161,0.5
SG_005168,0.5
SG_005170,0.5
SG_005171,0.5
SG_005174,0.5
SG_005175,0.5
SG_005178,0.5
SG_005179,0.5
SG_005188,0.5
SG_005190,0.5
SG_005191,0.5
SG_005194,0.5
SG_005196,0.5
SG_005199,0.5
SG_005200,0.5
SG_005203,0.5
SG_005205,0.5
SG_005213,0.5
SG_005214,0.5
SG_005216,0.5
SG_005220,0.5
SG_005224,0.5
SG_005228,0.5
SG_005233,0.5
SG_005235,0.5
SG_005240,0.5
SG_005241,0.5
SG_005246,0.5
SG_005247,0.5
SG_005248,0.5
SG_005250,0.5
SG_005251,0.5
SG_005253,0.5
SG_005255,0.5
SG_005264,0.5
SG_005268,0.5
SG_005270,0.5
SG_005277,0.5
SG_005282,0.5
SG_005283,0.5
SG_005284,0.5
SG_005287,0.5
SG_005289,0.5
SG_005291,0.5
SG_005292,0.5
SG_005296,0.5
SG_005302,0.5
SG_005305,0.5
SG_005311,0.5
SG_005312,0.5
SG_005313,0.5
SG_005316,0.5
SG_005320,0.5
SG_005321,0.5
SG_005322,0.5
SG_005323,0.5
SG_005325,0.5
SG_005328,0.5
SG_005329,0.5
SG_005332,0.5
SG_005333,0.5
SG_005335,0.5
SG_005340,0.5
SG_005341,0.5
SG_005346,0.5
SG_005350,0.5
SG_005351,0.5
SG_005353,0.5
SG_005356,0.5
SG_005360,0.5
SG_005362,0.5
SG_005363,0.5
SG_005365,0.5
SG_005371,0.5
SG_005372,0.5
SG_005376,0.5
SG_005378,0.5
SG_005379,0.5
SG_005380,0.5
SG_005384,0.5
SG_005386,0.5
SG_005387,0.5
SG_005397,0.5
SG_005401,0.5
SG_005408,0.5
SG_005412,0.5
SG_005414,0.5
SG_005421,0.5
SG_005424,0.5
SG_005428,0.5
SG_005432,0.5
SG_005439,0.5
SG_005444,0.5
SG_005445,0.5
SG_005446,0.5
SG_005447,0.5
SG_005449,0.5
SG_005450,0.5
SG_005451,0.5
SG_005452,0.5
SG_005456,0.5
SG_005457,0.5
SG_005459,0.5
SG_005460,0.5
SG_005465,0.5
SG_005466,0.5
SG_005470,0.5
SG_005473,0.5
SG_005477,0.5
SG_005486,0.5
SG_005489,0.5
SG_005491,0.5
SG_005496,0.5
SG_005497,0.5
SG_005499,0.5
SG_005503,0.5
SG_005504,0.5
SG_005506,0.5
SG_005510,0.5
SG_005511,0.5
SG_005515,0.5
SG_005518,0.5
SG_005519,0.5
SG_005524,0.5
SG_005529,0.5
SG_005530,0.5
SG_005531,0.5
SG_005532,0.5
SG_005534,0.5
SG_005535,0.5
SG_005541,0.5
SG_005542,0.5
SG_005550,0.5
SG_005555,0.5
SG_005557,0.5
SG_005565,0.5
SG_005569,0.5
SG_005572,0.5
SG_005575,0.5
SG_005579,0.5
SG_005580,0.5
SG_005583,0.5
SG_005591,0.5
SG_005592,0.5
SG_005593,0.5
SG_005594,0.5
SG_005599,0.5
SG_005603,0.5
SG_005606,0.5
SG_005611,0.5
SG_005615,0.5
SG_005622,0.5
SG_005625,0.5
SG_005630,0.5
SG_005634,0.5
SG_005635,0.5
SG_005636,0.5
SG_005638,0.5
SG_005640,0.5
SG_005643,0.5
SG_005644,0.5
SG_005645,0.5
SG_005650,0.5
SG_005654,0.5
SG_005655,0.5
SG_005656,0.5
SG_005661,0.5
SG_005664,0.5
SG_005666,0.5
SG_005671,0.5
SG_005681,0.5
SG_005683,0.5
SG_005687,0.5
SG_005688,0.5
SG_005691,0.5
SG_005692,0.5
SG_005693,0.5
SG_005694,0.5
SG_005696,0.5
SG_005703,0.5
SG_005704,0.5
SG_005706,0.5
SG_005707,0.5
SG_005713,0.5
SG_005715,0.5
SG_005719,0.5
SG_005722,0.5
SG_005724,0.5
SG_005725,0.5
SG_005726,0.5
SG_005730,0.5
SG_005735,0.5
SG_005736,0.5
SG_005740,0.5
SG_005748,0.5
SG_005750,0.5
SG_005753,0.5
SG_005758,0.5
SG_005759,0.5
SG_005764,0.5
SG_005765,0.5
SG_005772,0.5
SG_005773,0.5
SG_005776,0.5
SG_005778,0.5
SG_005784,0.5
SG_005786,0.5
SG_005789,0.5
SG_005794,0.5
SG_005796,0.5
SG_005801,0.5
SG_005807,0.5
SG_005809,0.5
SG_005811,0.5
SG_005813,0.5
SG_005814,0.5
SG_005817,0.5
SG_005818,0.5
SG_005820,0.5
SG_005821,0.5
SG_005824,0.5
SG_005825,0.5
SG_005827,0.5
SG_005828,0.5
SG_005830,0.5
SG_005838,0.5
SG_005840,0.5
SG_005842,0.5
SG_005846,0.5
SG_005847,0.5
SG_005848,0.5
SG_005857,0.5
SG_005861,0.5
SG_005862,0.5
SG_005871,0.5
SG_005872,0.5
SG_005873,0.5
SG_005874,0.5
SG_005875,0.5
SG_005877,0.5
SG_005880,0.5
SG_005884,0.5
SG_005892,0.5
SG_005894,0.5
SG_005898,0.5
SG_005899,0.5
SG_005905,0.5
SG_005909,0.5
SG_005910,0.5
SG_005920,0.5
SG_005921,0.5
SG_005922,0.5
SG_005925,0.5
SG_005928,0.5
SG_005932,0.5
SG_005934,0.5
SG_005935,0.5
SG_005937,0.5
SG_005939,0.5
SG_005943,0.5
SG_005951,0.5
SG_005955,0.5
SG_005959,0.5
SG_005966,0.5
SG_005967,0.5
SG_005969,0.5
SG_005976,0.5
SG_005977,0.5
SG_005979,0.5
SG_005980,0.5
SG_005985,0.5
SG_005986,0.5
SG_005991,0.5
SG_005999,0.5
SG_006000,0.5
SG_006004,0.5
SG_006009,0.5
SG_006012,0.5
SG_006013,0.5
SG_006022,0.5
SG_006023,0.5
SG_006026,0.5
SG_006028,0.5
SG_006029,0.5
SG_006033,0.5
SG_006035,0.5
SG_006036,0.5
SG_006038,0.5
SG_006039,0.5
SG_006041,0.5
SG_006047,0.5
SG_006049,0.5
SG_006050,0.5
SG_006054,0.5
SG_006063,0.5
SG_006067,0.5
SG_006069,0.5
SG_006073,0.5
SG_006074,0.5
SG_006075,0.5
SG_006076,0.5
SG_006077,0.5
SG_006079,0.5
SG_006081,0.5
SG_006086,0.5
SG_006092,0.5
SG_006095,0.5
SG_006097,0.5
SG_006099,0.5
SG_006101,0.5
SG_006112,0.5
SG_006122,0.5
SG_006127,0.5
SG_006131,0.5
SG_006133,0.5
SG_006136,0.5
SG_006137,0.5
SG_006140,0.5
SG_006143,0.5
SG_006148,0.5
SG_006150,0.5
SG_006151,0.5
SG_006154,0.5
SG_006161,0.5
SG_006163,0.5
SG_006169,0.5
SG_006170,0.5
SG_006179,0.5
SG_006181,0.5
SG_006184,0.5
SG_006187,0.5
SG_006189,0.5
SG_006197,0.5
SG_006202,0.5
SG_006206,0.5
SG_006212,0.5
SG_006213,0.5
SG_006218,0.5
SG_006222,0.5
SG_006224,0.5
SG_006225,0.5
SG_006226,0.5
SG_006229,0.5
SG_006237,0.5
SG_006238,0.5
SG_006240,0.5
SG_006241,0.5
SG_006242,0.5
SG_006244,0.5
SG_006245,0.5
SG_006247,0.5
SG_006250,0.5
SG_006251,0.5
SG_006252,0.5
SG_006254,0.5
SG_006256,0.5
SG_006260,0.5
SG_006262,0.5
SG_006263,0.5
SG_006264,0.5
SG_006266,0.5
SG_006269,0.5
SG_006275,0.5
SG_006277,0.5
SG_006283,0.5
SG_006284,0.5
SG_006287,0.5
SG_006288,0.5
SG_006300,0.5
SG_006301,0.5
SG_006304,0.5
SG_006306,0.5
SG_006313,0.5
SG_006315,0.5
SG_006317,0.5
SG_006320,0.5
SG_006322,0.5
SG_006326,0.5
SG_006328,0.5
SG_006331,0.5
SG_006337,0.5
SG_006340,0.5
SG_006345,0.5
SG_006348,0.5
SG_006349,0.5
SG_006356,0.5
SG_006357,0.5
SG_006358,0.5
SG_006360,0.5
SG_006371,0.5
SG_006373,0.5
SG_006380,0.5
SG_006382,0.5
SG_006388,0.5
SG_006393,0.5
SG_006394,0.5
SG_006396,0.5
SG_006398,0.5
SG_006400,0.5
SG_006403,0.5
SG_006404,0.5
SG_006411,0.5
SG_006417,0.5
SG_006418,0.5
SG_006420,0.5
SG_006421,0.5
SG_006423,0.5
SG_006424,0.5
SG_006429,0.5
SG_006435,0.5
SG_006438,0.5
SG_006439,0.5
SG_006441,0.5
SG_006445,0.5
SG_006446,0.5
SG_006448,0.5
SG_006451,0.5
SG_006452,0.5
SG_006455,0.5
SG_006463,0.5
SG_006467,0.5
SG_006469,0.5
SG_006470,0.5
SG_006477,0.5
SG_006480,0.5
SG_006486,0.5
SG_006487,0.5
SG_006488,0.5
SG_006490,0.5
SG_006491,0.5
SG_006493,0.5
SG_006494,0.5
SG_006496,0.5
SG_006497,0.5
SG_006498,0.5
SG_006500,0.5
SG_006502,0.5
SG_006503,0.5
SG_006505,0.5
SG_006506,0.5
SG_006507,0.5
SG_006512,0.5
SG_006516,0.5
SG_006520,0.5
SG_006522,0.5
SG_006528,0.5
SG_006534,0.5
SG_006535,0.5
SG_006536,0.5
SG_006537,0.5
SG_006539,0.5
SG_006541,0.5
SG_006543,0.5
SG_006545,0.5
SG_006548,0.5
SG_006550,0.5
SG_006551,0.5
SG_006557,0.5
SG_006560,0.5
SG_006564,0.5
SG_006566,0.5
SG_006567,0.5
SG_006577,0.5
SG_006579,0.5
SG_006581,0.5
SG_006588,0.5
SG_006592,0.5
SG_006597,0.5
SG_006601,0.5
SG_006607,0.5
SG_006608,0.5
SG_006610,0.5
SG_006615,0.5
SG_006616,0.5
SG_006620,0.5
SG_006622,0.5
SG_006623,0.5
SG_006624,0.5
SG_006626,0.5
SG_006627,0.5
SG_006633,0.5
SG_006637,0.5
SG_006638,0.5
SG_006639,0.5
SG_006644,0.5
SG_006645,0.5
SG_006651,0.5
SG_006659,0.5
SG_006664,0.5
SG_006668,0.5
SG_006673,0.5
SG_006687,0.5
SG_006688,0.5
SG_006690,0.5
SG_006693,0.5
SG_006698,0.5
SG_006700,0.5
SG_006706,0.5
SG_006710,0.5
SG_006713,0.5
SG_006716,0.5
SG_006728,0.5
SG_006734,0.5
SG_006736,0.5
SG_006744,0.5
SG_006745,0.5
SG_006749,0.5
SG_006758,0.5
SG_006760,0.5
SG_006765,0.5
SG_006766,0.5
SG_006769,0.5
SG_006778,0.5
SG_006780,0.5
SG_006781,0.5
SG_006786,0.5
SG_006789,0.5
SG_006792,0.5
SG_006793,0.5
SG_006800,0.5
SG_006802,0.5
SG_006808,0.5
SG_006820,0.5
SG_006833,0.5
SG_006835,0.5
SG_006837,0.5
SG_006841,0.5
SG_006847,0.5
SG_006848,0.5
SG_006851,0.5
SG_006852,0.5
SG_006860,0.5
SG_006861,0.5
SG_006863,0.5
SG_006866,0.5
SG_006868,0.5
SG_006874,0.5
SG_006877,0.5
SG_006879,0.5
SG_006880,0.5
SG_006881,0.5
SG_006889,0.5
SG_006890,0.5
SG_006897,0.5
SG_006901,0.5
SG_006908,0.5
SG_006910,0.5
SG_006914,0.5
SG_006918,0.5
SG_006924,0.5
SG_006925,0.5
SG_006927,0.5
SG_006929,0.5
SG_006937,0.5
SG_006938,0.5
SG_006940,0.5
SG_006942,0.5
SG_006945,0.5
SG_006949,0.5
SG_006950,0.5
SG_006951,0.5
SG_006953,0.5
SG_006954,0.5
SG_006956,0.5
SG_006957,0.5
SG_006962,0.5
SG_006963,0.5
SG_006964,0.5
SG_006966,0.5
SG_006970,0.5
SG_006971,0.5
SG_006972,0.5
SG_006974,0.5
SG_006977,0.5
SG_006978,0.5
SG_006981,0.5
SG_006982,0.5
SG_006983,0.5
SG_006984,0.5
SG_006987,0.5
SG_006994,0.5
SG_006997,0.5
SG_007002,0.5
SG_007005,0.5
SG_007009,0.5
SG_007011,0.5
SG_007017,0.5
SG_007018,0.5
SG_007019,0.5
SG_007029,0.5
SG_007030,0.5
SG_007033,0.5
SG_007040,0.5
SG_007047,0.5
SG_007054,0.5
SG_007055,0.5
SG_007056,0.5
SG_007061,0.5
SG_007062,0.5
SG_007067,0.5
SG_007068,0.5
SG_007069,0.5
SG_007073,0.5
SG_007075,0.5
SG_007076,0.5
SG_007078,0.5
SG_007080,0.5
SG_007091,0.5
SG_007095,0.5
SG_007100,0.5
SG_007104,0.5
SG_007112,0.5
SG_007114,0.5
SG_007127,0.5
SG_007130,0.5
SG_007133,0.5
SG_007136,0.5
SG_007138,0.5
SG_007139,0.5
SG_007143,0.5
SG_007146,0.5
SG_007150,0.5
SG_007155,0.5
SG_007157,0.5
SG_007160,0.5
SG_007162,0.5
SG_007163,0.5
SG_007166,0.5
SG_007168,0.5
SG_007170,0.5
SG_007179,0.5
SG_007181,0.5
SG_007183,0.5
SG_007186,0.5
SG_007202,0.5
SG_007203,0.5
SG_007204,0.5
SG_007205,0.5
SG_007210,0.5
SG_007212,0.5
SG_007215,0.5
SG_007218,0.5
SG_007226,0.5
SG_007229,0.5
SG_007231,0.5
SG_007234,0.5
SG_007237,0.5
SG_007239,0.5
SG_007240,0.5
SG_007249,0.5
SG_007252,0.5
SG_007255,0.5
SG_007256,0.5
SG_007257,0.5
SG_007263,0.5
SG_007264,0.5
SG_007265,0.5
SG_007268,0.5
SG_007271,0.5
SG_007275,0.5
SG_007280,0.5
SG_007281,0.5
SG_007282,0.5
SG_007283,0.5
SG_007287,0.5
SG_007288,0.5
SG_007301,0.5
SG_007307,0.5
SG_007310,0.5
SG_007312,0.5
SG_007314,0.5
SG_007319,0.5
SG_007326,0.5
SG_007331,0.5
SG_007333,0.5
SG_007334,0.5
SG_007338,0.5
SG_007340,0.5
SG_007345,0.5
SG_007349,0.5
SG_007356,0.5
SG_007358,0.5
SG_007368,0.5
SG_007370,0.5
SG_007371,0.5
SG_007372,0.5
SG_007375,0.5
SG_007378,0.5
SG_007379,0.5
SG_007380,0.5
SG_007383,0.5
SG_007384,0.5
SG_007389,0.5
SG_007390,0.5
SG_007401,0.5
SG_007403,0.5
SG_007406,0.5
SG_007409,0.5
SG_007410,0.5
SG_007413,0.5
SG_007416,0.5
SG_007419,0.5
SG_007420,0.5
SG_007423,0.5
SG_007424,0.5
SG_007428,0.5
SG_007433,0.5
SG_007434,0.5
SG_007437,0.5
SG_007441,0.5
SG_007443,0.5
SG_007450,0.5
SG_007452,0.5
SG_007455,0.5
SG_007462,0.5
SG_007464,0.5
SG_007466,0.5
SG_007469,0.5
SG_007470,0.5
SG_007472,0.5
SG_007476,0.5
SG_007486,0.5
SG_007489,0.5
SG_007490,0.5
SG_007495,0.5
SG_007499,0.5
SG_007506,0.5
SG_007508,0.5
SG_007509,0.5
SG_007517,0.5
SG_007518,0.5
SG_007522,0.5
SG_007524,0.5
SG_007527,0.5
SG_007535,0.5
SG_007540,0.5
SG_007546,0.5
SG_007552,0.5
SG_007553,0.5
SG_007557,0.5
SG_007558,0.5
SG_007560,0.5
SG_007568,0.5
SG_007571,0.5
SG_007573,0.5
SG_007577,0.5
SG_007578,0.5
SG_007579,0.5
SG_007582,0.5
SG_007586,0.5
SG_007587,0.5
SG_007589,0.5
SG_007591,0.5
SG_007595,0.5
SG_007597,0.5
SG_007599,0.5
SG_007602,0.5
SG_007605,0.5
SG_007609,0.5
SG_007614,0.5
SG_007620,0.5
SG_007628,0.5
SG_007630,0.5
SG_007646,0.5
SG_007648,0.5
SG_007654,0.5
SG_007655,0.5
SG_007656,0.5
SG_007657,0.5
SG_007658,0.5
SG_007659,0.5
SG_007660,0.5
SG_007663,0.5
SG_007665,0.5
SG_007667,0.5
SG_007670,0.5
SG_007678,0.5
SG_007679,0.5
SG_007681,0.5
SG_007685,0.5
SG_007686,0.5
SG_007687,0.5
SG_007688,0.5
SG_007691,0.5
SG_007696,0.5
SG_007698,0.5
SG_007700,0.5
SG_007703,0.5
SG_007704,0.5
SG_007706,0.5
SG_007711,0.5
SG_007712,0.5
SG_007714,0.5
SG_007717,0.5
SG_007719,0.5
SG_007720,0.5
SG_007721,0.5
SG_007728,0.5
SG_007737,0.5
SG_007741,0.5
SG_007742,0.5
SG_007744,0.5
SG_007746,0.5
SG_007748,0.5
SG_007750,0.5
SG_007751,0.5
SG_007752,0.5
SG_007758,0.5
SG_007760,0.5
SG_007762,0.5
SG_007770,0.5
SG_007772,0.5
SG_007776,0.5
SG_007780,0.5
SG_007781,0.5
SG_007782,0.5
SG_007787,0.5
SG_007800,0.5
SG_007801,0.5
SG_007804,0.5
SG_007805,0.5
SG_007807,0.5
SG_007808,0.5
SG_007813,0.5
SG_007815,0.5
SG_007817,0.5
SG_007818,0.5
SG_007820,0.5
SG_007822,0.5
SG_007823,0.5
SG_007824,0.5
SG_007834,0.5
SG_007836,0.5
SG_007839,0.5
SG_007842,0.5
SG_007844,0.5
SG_007846,0.5
SG_007849,0.5
SG_007858,0.5
SG_007864,0.5
SG_007866,0.5
SG_007875,0.5
SG_007876,0.5
SG_007880,0.5
SG_007884,0.5
SG_007889,0.5
SG_007892,0.5
SG_007897,0.5
SG_007898,0.5
SG_007899,0.5
SG_007901,0.5
SG_007908,0.5
SG_007910,0.5
SG_007922,0.5
SG_007923,0.5
SG_007926,0.5
SG_007931,0.5
SG_007933,0.5
SG_007939,0.5
SG_007940,0.5
SG_007946,0.5
SG_007947,0.5
SG_007948,0.5
SG_007954,0.5
SG_007957,0.5
SG_007960,0.5
SG_007964,0.5
SG_007965,0.5
SG_007980,0.5
SG_007985,0.5
SG_007992,0.5
SG_007996,0.5
SG_007998,0.5
SG_007999,0.5
SG_008014,0.5
SG_008015,0.5
SG_008020,0.5
SG_008026,0.5
SG_008033,0.5
SG_008043,0.5
SG_008050,0.5
SG_008055,0.5
SG_008056,0.5
SG_008058,0.5
SG_008067,0.5
SG_008074,0.5
SG_008076,0.5
SG_008081,0.5
SG_008091,0.5
SG_008099,0.5
SG_008100,0.5
SG_008101,0.5
SG_008104,0.5
SG_008115,0.5
SG_008117,0.5
SG_008118,0.5
SG_008127,0.5
SG_008131,0.5
SG_008133,0.5
SG_008137,0.5
SG_008140,0.5
SG_008141,0.5
SG_008145,0.5
SG_008152,0.5
SG_008156,0.5
SG_008160,0.5
SG_008164,0.5
SG_008167,0.5
SG_008175,0.5
SG_008176,0.5
SG_008183,0.5
SG_008188,0.5
SG_008191,0.5
SG_008192,0.5
SG_008193,0.5
SG_008195,0.5
SG_008202,0.5
SG_008213,0.5
SG_008217,0.5
SG_008224,0.5
SG_008228,0.5
SG_008229,0.5
SG_008237,0.5
SG_008242,0.5
SG_008246,0.5
SG_008248,0.5
SG_008249,0.5
SG_008253,0.5
SG_008257,0.5
SG_008261,0.5
SG_008264,0.5
SG_008265,0.5
SG_008281,0.5
SG_008283,0.5
SG_008287,0.5
SG_008291,0.5
SG_008293,0.5
SG_008294,0.5
SG_008296,0.5
SG_008298,0.5
SG_008309,0.5
SG_008310,0.5
SG_008312,0.5
SG_008316,0.5
SG_008317,0.5
SG_008318,0.5
SG_008327,0.5
SG_008330,0.5
SG_008333,0.5
SG_008336,0.5
SG_008345,0.5
SG_008347,0.5
SG_008355,0.5
SG_008358,0.5
SG_008359,0.5
SG_008360,0.5
SG_008361,0.5
SG_008362,0.5
SG_008365,0.5
SG_008366,0.5
SG_008375,0.5
SG_008376,0.5
SG_008382,0.5
SG_008383,0.5
SG_008388,0.5
SG_008389,0.5
SG_008392,0.5
SG_008396,0.5
SG_008402,0.5
SG_008410,0.5
SG_008413,0.5
SG_008417,0.5
SG_008420,0.5
SG_008422,0.5
SG_008435,0.5
SG_008440,0.5
SG_008441,0.5
SG_008442,0.5
SG_008443,0.5
SG_008444,0.5
SG_008449,0.5
SG_008452,0.5
SG_008457,0.5
SG_008459,0.5
SG_008462,0.5
SG_008467,0.5
SG_008468,0.5
SG_008478,0.5
SG_008482,0.5
SG_008484,0.5
SG_008485,0.5
SG_008494,0.5
SG_008497,0.5
SG_008498,0.5
SG_008500,0.5
SG_008501,0.5
SG_008504,0.5
SG_008506,0.5
SG_008512,0.5
SG_008514,0.5
SG_008517,0.5
SG_008522,0.5
SG_008527,0.5
SG_008529,0.5
SG_008531,0.5
SG_008534,0.5
SG_008535,0.5
SG_008536,0.5
SG_008538,0.5
SG_008541,0.5
SG_008542,0.5
SG_008545,0.5
SG_008547,0.5
SG_008549,0.5
SG_008550,0.5
SG_008551,0.5
SG_008553,0.5
SG_008555,0.5
SG_008557,0.5
SG_008561,0.5
SG_008564,0.5
SG_008565,0.5
SG_008568,0.5
SG_008569,0.5
SG_008570,0.5
SG_008572,0.5
SG_008574,0.5
SG_008575,0.5
SG_008576,0.5
SG_008577,0.5
SG_008580,0.5
SG_008586,0.5
SG_008594,0.5
SG_008598,0.5
SG_008600,0.5
SG_008614,0.5
SG_008615,0.5
SG_008617,0.5
SG_008624,0.5
SG_008630,0.5
SG_008635,0.5
SG_008636,0.5
SG_008639,0.5
SG_008645,0.5
SG_008646,0.5
SG_008650,0.5
SG_008653,0.5
SG_008669,0.5
SG_008671,0.5
SG_008689,0.5
SG_008691,0.5
SG_008693,0.5
SG_008708,0.5
SG_008714,0.5
SG_008726,0.5
SG_008727,0.5
SG_008729,0.5
SG_008734,0.5
SG_008735,0.5
SG_008737,0.5
SG_008739,0.5
SG_008745,0.5
SG_008749,0.5
SG_008755,0.5
SG_008759,0.5
SG_008766,0.5
SG_008769,0.5
SG_008770,0.5
SG_008771,0.5
SG_008773,0.5
SG_008774,0.5
SG_008776,0.5
SG_008777,0.5
SG_008780,0.5
SG_008782,0.5
SG_008784,0.5
SG_008785,0.5
SG_008787,0.5
SG_008789,0.5
SG_008793,0.5
SG_008798,0.5
SG_008810,0.5
SG_008816,0.5
SG_008823,0.5
SG_008824,0.5
SG_008825,0.5
SG_008828,0.5
SG_008836,0.5
SG_008839,0.5
SG_008840,0.5
SG_008841,0.5
SG_008843,0.5
SG_008844,0.5
SG_008845,0.5
SG_008849,0.5
SG_008850,0.5
SG_008853,0.5
SG_008855,0.5
SG_008859,0.5
SG_008862,0.5
SG_008864,0.5
SG_008865,0.5
SG_008866,0.5
SG_008867,0.5
SG_008869,0.5
SG_008876,0.5
SG_008881,0.5
SG_008883,0.5
SG_008888,0.5
SG_008889,0.5
SG_008895,0.5
SG_008897,0.5
SG_008901,0.5
SG_008905,0.5
SG_008907,0.5
SG_008908,0.5
SG_008910,0.5
SG_008913,0.5
SG_008914,0.5
SG_008917,0.5
SG_008919,0.5
SG_008920,0.5
SG_008925,0.5
SG_008926,0.5
SG_008927,0.5
SG_008930,0.5
SG_008932,0.5
SG_008934,0.5
SG_008937,0.5
SG_008940,0.5
SG_008943,0.5
SG_008947,0.5
SG_008955,0.5
SG_008960,0.5
SG_008962,0.5
SG_008964,0.5
SG_008965,0.5
SG_008966,0.5
SG_008971,0.5
SG_008972,0.5
SG_008976,0.5
SG_008978,0.5
SG_008983,0.5
SG_008989,0.5
SG_008990,0.5
SG_008994,0.5
SG_008996,0.5
SG_008998,0.5
SG_008999,0.5
SG_009001,0.5
SG_009005,0.5
SG_009006,0.5
SG_009011,0.5
SG_009017,0.5
SG_009018,0.5
SG_009032,0.5
SG_009034,0.5
SG_009043,0.5
SG_009047,0.5
SG_009048,0.5
SG_009053,0.5
SG_009055,0.5
SG_009058,0.5
SG_009063,0.5
SG_009064,0.5
SG_009065,0.5
SG_009069,0.5
SG_009070,0.5
SG_009072,0.5
SG_009075,0.5
SG_009079,0.5
SG_009080,0.5
SG_009081,0.5
SG_009083,0.5
SG_009085,0.5
SG_009091,0.5
SG_009093,0.5
SG_009100,0.5
SG_009109,0.5
SG_009115,0.5
SG_009119,0.5
SG_009120,0.5
SG_009123,0.5
SG_009124,0.5
SG_009127,0.5
SG_009128,0.5
SG_009135,0.5
SG_009136,0.5
SG_009139,0.5
SG_009146,0.5
SG_009147,0.5
SG_009149,0.5
SG_009150,0.5
SG_009152,0.5
SG_009153,0.5
SG_009159,0.5
SG_009168,0.5
SG_009169,0.5
SG_009170,0.5
SG_009172,0.5
SG_009176,0.5
SG_009179,0.5
SG_009183,0.5
SG_009193,0.5
SG_009196,0.5
SG_009199,0.5
SG_009202,0.5
SG_009203,0.5
SG_009204,0.5
SG_009206,0.5
SG_009207,0.5
SG_009209,0.5
SG_009210,0.5
SG_009214,0.5
SG_009220,0.5
SG_009223,0.5
SG_009224,0.5
SG_009225,0.5
SG_009226,0.5
SG_009229,0.5
SG_009230,0.5
SG_009236,0.5
SG_009242,0.5
SG_009246,0.5
SG_009250,0.5
SG_009253,0.5
SG_009266,0.5
SG_009268,0.5
SG_009272,0.5
SG_009273,0.5
SG_009274,0.5
SG_009277,0.5
SG_009278,0.5
SG_009279,0.5
SG_009280,0.5
SG_009281,0.5
SG_009289,0.5
SG_009290,0.5
SG_009299,0.5
SG_009300,0.5
SG_009305,0.5
SG_009307,0.5
SG_009319,0.5
SG_009328,0.5
SG_009333,0.5
SG_009335,0.5
SG_009341,0.5
SG_009347,0.5
SG_009354,0.5
SG_009355,0.5
SG_009357,0.5
SG_009362,0.5
SG_009363,0.5
SG_009365,0.5
SG_009366,0.5
SG_009367,0.5
SG_009370,0.5
SG_009386,0.5
SG_009392,0.5
SG_009398,0.5
SG_009400,0.5
SG_009402,0.5
SG_009403,0.5
SG_009404,0.5
SG_009406,0.5
SG_009407,0.5
SG_009408,0.5
SG_009409,0.5
SG_009410,0.5
SG_009411,0.5
SG_009412,0.5
SG_009413,0.5
SG_009415,0.5
SG_009417,0.5
SG_009419,0.5
SG_009425,0.5
SG_009426,0.5
SG_009427,0.5
SG_009429,0.5
SG_009434,0.5
SG_009438,0.5
SG_009441,0.5
SG_009442,0.5
SG_009444,0.5
SG_009445,0.5
SG_009446,0.5
SG_009447,0.5
SG_009449,0.5
SG_009455,0.5
SG_009458,0.5
SG_009461,0.5
SG_009462,0.5
SG_009466,0.5
SG_009473,0.5
SG_009478,0.5
SG_009479,0.5
SG_009481,0.5
SG_009485,0.5
SG_009490,0.5
SG_009496,0.5
SG_009500,0.5
SG_009502,0.5
SG_009504,0.5
SG_009505,0.5
SG_009516,0.5
SG_009518,0.5
SG_009519,0.5
SG_009528,0.5
SG_009529,0.5
SG_009530,0.5
SG_009533,0.5
SG_009537,0.5
SG_009539,0.5
SG_009540,0.5
SG_009541,0.5
SG_009544,0.5
SG_009556,0.5
SG_009558,0.5
SG_009566,0.5
SG_009567,0.5
SG_009569,0.5
SG_009573,0.5
SG_009577,0.5
SG_009581,0.5
SG_009582,0.5
SG_009584,0.5
SG_009585,0.5
SG_009589,0.5
SG_009592,0.5
SG_009593,0.5
SG_009602,0.5
SG_009614,0.5
SG_009616,0.5
SG_009618,0.5
SG_009619,0.5
SG_009620,0.5
SG_009622,0.5
SG_009630,0.5
SG_009632,0.5
SG_009639,0.5
SG_009649,0.5
SG_009651,0.5
SG_009661,0.5
SG_009670,0.5
SG_009671,0.5
SG_009679,0.5
SG_009681,0.5
SG_009683,0.5
SG_009687,0.5
SG_009690,0.5
SG_009691,0.5
SG_009694,0.5
SG_009696,0.5
SG_009701,0.5
SG_009702,0.5
SG_009707,0.5
SG_009716,0.5
SG_009718,0.5
SG_009727,0.5
SG_009736,0.5
SG_009741,0.5
SG_009744,0.5
SG_009746,0.5
SG_009747,0.5
SG_009751,0.5
SG_009754,0.5
SG_009757,0.5
SG_009759,0.5
SG_009760,0.5
SG_009762,0.5
SG_009763,0.5
SG_009766,0.5
SG_009776,0.5
SG_009778,0.5
SG_009780,0.5
SG_009782,0.5
SG_009783,0.5
SG_009785,0.5
SG_009786,0.5
SG_009791,0.5
SG_009794,0.5
SG_009795,0.5
SG_009799,0.5
SG_009800,0.5
SG_009814,0.5
SG_009819,0.5
SG_009824,0.5
SG_009825,0.5
SG_009829,0.5
SG_009834,0.5
SG_009837,0.5
SG_009838,0.5
SG_009843,0.5
SG_009845,0.5
SG_009851,0.5
SG_009855,0.5
SG_009856,0.5
SG_009862,0.5
SG_009865,0.5
SG_009867,0.5
SG_009868,0.5
SG_009869,0.5
SG_009870,0.5
SG_009875,0.5
SG_009876,0.5
SG_009877,0.5
SG_009878,0.5
SG_009880,0.5
SG_009881,0.5
SG_009895,0.5
SG_009905,0.5
SG_009909,0.5
SG_009914,0.5
SG_009916,0.5
SG_009921,0.5
SG_009923,0.5
SG_009926,0.5
SG_009929,0.5
SG_009932,0.5
SG_009933,0.5
SG_009935,0.5
SG_009936,0.5
SG_009937,0.5
SG_009941,0.5
SG_009942,0.5
SG_009953,0.5
SG_009956,0.5
SG_009959,0.5
SG_009964,0.5
SG_009972,0.5
SG_009977,0.5
SG_009979,0.5
SG_009982,0.5
SG_009985,0.5
SG_009987,0.5
SG_009989,0.5
SG_009993,0.5
SG_009997,0.5
SG_009999,0.5
SG_010002,0.5
SG_010007,0.5
SG_010008,0.5
SG_010009,0.5
SG_010010,0.5
SG_010011,0.5
SG_010012,0.5
SG_010014,0.5
SG_010015,0.5
SG_010019,0.5
SG_010020,0.5
SG_010021,0.5
SG_010024,0.5
SG_010025,0.5
SG_010034,0.5
SG_010037,0.5
SG_010038,0.5
SG_010042,0.5
SG_010045,0.5
SG_010047,0.5
SG_010048,0.5
SG_010050,0.5
SG_010052,0.5
SG_010058,0.5
SG_010061,0.5
SG_010068,0.5
SG_010069,0.5
SG_010074,0.5
SG_010078,0.5
SG_010081,0.5
SG_010084,0.5
SG_010085,0.5
SG_010086,0.5
SG_010088,0.5
SG_010091,0.5
SG_010092,0.5
SG_010099,0.5
SG_010101,0.5
SG_010103,0.5
SG_010104,0.5
SG_010106,0.5
SG_010109,0.5
SG_010115,0.5
SG_010116,0.5
SG_010117,0.5
SG_010123,0.5
SG_010130,0.5
SG_010132,0.5
SG_010134,0.5
SG_010142,0.5
SG_010144,0.5
SG_010146,0.5
SG_010151,0.5
SG_010153,0.5
SG_010155,0.5
SG_010157,0.5
SG_010165,0.5
SG_010166,0.5
SG_010169,0.5
SG_010170,0.5
SG_010172,0.5
SG_010173,0.5
SG_010174,0.5
SG_010175,0.5
SG_010176,0.5
SG_010182,0.5
SG_010183,0.5
SG_010184,0.5
SG_010187,0.5
SG_010195,0.5
SG_010198,0.5
SG_010199,0.5
SG_010200,0.5
SG_010204,0.5
SG_010206,0.5
SG_010208,0.5
SG_010209,0.5
SG_010210,0.5
SG_010213,0.5
SG_010217,0.5
SG_010226,0.5
SG_010227,0.5
SG_010234,0.5
SG_010235,0.5
SG_010238,0.5
SG_010241,0.5
SG_010242,0.5
SG_010243,0.5
SG_010246,0.5
SG_010252,0.5
SG_010253,0.5
SG_010256,0.5
SG_010257,0.5
SG_010258,0.5
SG_010259,0.5
SG_010261,0.5
SG_010263,0.5
SG_010265,0.5
SG_010267,0.5
SG_010271,0.5
SG_010273,0.5
SG_010274,0.5
SG_010277,0.5
SG_010284,0.5
SG_010286,0.5
SG_010287,0.5
SG_010288,0.5
SG_010293,0.5
SG_010294,0.5
SG_010298,0.5
SG_010306,0.5
SG_010313,0.5
SG_010315,0.5
SG_010316,0.5
SG_010319,0.5
SG_010320,0.5
SG_010322,0.5
SG_010323,0.5
SG_010326,0.5
SG_010328,0.5
SG_010329,0.5
SG_010330,0.5
SG_010332,0.5
SG_010336,0.5
SG_010344,0.5
SG_010347,0.5
SG_010350,0.5
SG_010352,0.5
SG_010354,0.5
SG_010358,0.5
SG_010371,0.5
SG_010373,0.5
SG_010379,0.5
SG_010386,0.5
SG_010393,0.5
SG_010394,0.5
SG_010399,0.5
SG_010401,0.5
SG_010404,0.5
SG_010406,0.5
SG_010407,0.5
SG_010409,0.5
SG_010412,0.5
SG_010418,0.5
SG_010420,0.5
SG_010424,0.5
SG_010425,0.5
SG_010428,0.5
SG_010430,0.5
SG_010431,0.5
SG_010435,0.5
SG_010442,0.5
SG_010455,0.5
SG_010459,0.5
SG_010460,0.5
SG_010461,0.5
SG_010462,0.5
SG_010465,0.5
SG_010467,0.5
SG_010469,0.5
SG_010470,0.5
SG_010472,0.5
SG_010475,0.5
SG_010477,0.5
SG_010481,0.5
SG_010482,0.5
SG_010483,0.5
SG_010485,0.5
SG_010486,0.5
SG_010487,0.5
SG_010490,0.5
SG_010492,0.5
SG_010493,0.5
SG_010495,0.5
SG_010498,0.5
SG_010499,0.5
SG_010501,0.5
SG_010503,0.5
SG_010505,0.5
SG_010506,0.5
SG_010507,0.5
SG_010509,0.5
SG_010510,0.5
SG_010515,0.5
SG_010517,0.5
SG_010518,0.5
SG_010531,0.5
SG_010546,0.5
SG_010547,0.5
SG_010550,0.5
SG_010552,0.5
SG_010553,0.5
SG_010555,0.5
SG_010561,0.5
SG_010562,0.5
SG_010563,0.5
SG_010569,0.5
SG_010571,0.5
SG_010577,0.5
SG_010578,0.5
SG_010579,0.5
SG_010582,0.5
SG_010585,0.5
SG_010586,0.5
SG_010588,0.5
SG_010589,0.5
SG_010590,0.5
SG_010592,0.5
SG_010594,0.5
SG_010598,0.5
SG_010600,0.5
SG_010607,0.5
SG_010611,0.5
SG_010615,0.5
SG_010616,0.5
SG_010619,0.5
SG_010627,0.5
SG_010634,0.5
SG_010635,0.5
SG_010636,0.5
SG_010649,0.5
SG_010651,0.5
SG_010653,0.5
SG_010655,0.5
SG_010659,0.5
SG_010662,0.5
SG_010664,0.5
SG_010666,0.5
SG_010668,0.5
SG_010670,0.5
SG_010673,0.5
SG_010674,0.5
SG_010679,0.5
SG_010684,0.5
SG_010685,0.5
SG_010690,0.5
SG_010696,0.5
SG_010700,0.5
SG_010707,0.5
SG_010708,0.5
SG_010713,0.5
SG_010717,0.5
SG_010718,0.5
SG_010721,0.5
SG_010722,0.5
SG_010726,0.5
SG_010729,0.5
SG_010733,0.5
SG_010734,0.5
SG_010737,0.5
SG_010739,0.5
SG_010745,0.5
SG_010752,0.5
SG_010753,0.5
SG_010757,0.5
SG_010760,0.5
SG_010763,0.5
SG_010769,0.5
SG_010772,0.5
SG_010773,0.5
SG_010774,0.5
SG_010781,0.5
SG_010784,0.5
SG_010789,0.5
SG_010791,0.5
SG_010795,0.5
SG_010796,0.5
SG_010798,0.5
SG_010801,0.5
SG_010803,0.5
SG_010808,0.5
SG_010809,0.5
SG_010810,0.5
SG_010814,0.5
SG_010816,0.5
SG_010818,0.5
SG_010824,0.5
SG_010828,0.5
SG_010830,0.5
SG_010831,0.5
SG_010837,0.5
SG_010843,0.5
SG_010844,0.5
SG_010845,0.5
SG_010846,0.5
SG_010847,0.5
SG_010853,0.5
SG_010857,0.5
SG_010860,0.5
SG_010863,0.5
SG_010865,0.5
SG_010870,0.5
SG_010871,0.5
SG_010872,0.5
SG_010876,0.5
SG_010881,0.5
SG_010882,0.5
SG_010884,0.5
SG_010887,0.5
SG_010888,0.5
SG_010889,0.5
SG_010894,0.5
SG_010896,0.5
SG_010898,0.5
SG_010902,0.5
SG_010904,0.5
SG_010907,0.5
SG_010911,0.5
SG_010922,0.5
SG_010930,0.5
SG_010946,0.5
SG_010951,0.5
SG_010956,0.5
SG_010960,0.5
SG_010961,0.5
SG_010962,0.5
SG_010969,0.5
SG_010971,0.5
SG_010973,0.5
SG_010974,0.5
SG_010977,0.5
SG_010982,0.5
SG_010985,0.5
SG_010986,0.5
SG_010987,0.5
SG_010993,0.5
SG_010995,0.5
SG_010998,0.5
SG_011003,0.5
SG_011010,0.5
SG_011012,0.5
SG_011016,0.5
SG_011017,0.5
SG_011025,0.5
SG_011031,0.5
SG_011050,0.5
SG_011052,0.5
SG_011053,0.5
SG_011055,0.5
SG_011057,0.5
SG_011060,0.5
SG_011073,0.5
SG_011075,0.5
SG_011077,0.5
SG_011088,0.5
SG_011089,0.5
SG_011097,0.5
SG_011107,0.5
SG_011110,0.5
SG_011117,0.5
SG_011120,0.5
SG_011132,0.5
SG_011133,0.5
SG_011139,0.5
SG_011143,0.5
SG_011144,0.5
SG_011147,0.5
SG_011148,0.5
SG_011151,0.5
SG_011152,0.5
SG_011154,0.5
SG_011158,0.5
SG_011159,0.5
SG_011160,0.5
SG_011161,0.5
SG_011162,0.5
SG_011164,0.5
SG_011169,0.5
SG_011170,0.5
SG_011175,0.5
SG_011176,0.5
SG_011177,0.5
SG_011182,0.5
SG_011184,0.5
SG_011186,0.5
SG_011190,0.5
SG_011192,0.5
SG_011199,0.5
SG_011200,0.5
SG_011201,0.5
SG_011203,0.5
SG_011208,0.5
SG_011212,0.5
SG_011214,0.5
SG_011221,0.5
SG_011222,0.5
SG_011224,0.5
SG_011226,0.5
SG_011235,0.5
SG_011239,0.5
SG_011250,0.5
SG_011257,0.5
SG_011259,0.5
SG_011261,0.5
SG_011262,0.5
SG_011266,0.5
SG_011274,0.5
SG_011275,0.5
SG_011279,0.5
SG_011280,0.5
SG_011285,0.5
SG_011291,0.5
SG_011294,0.5
SG_011298,0.5
SG_011303,0.5
SG_011304,0.5
SG_011306,0.5
SG_011307,0.5
SG_011308,0.5
SG_011309,0.5
SG_011310,0.5
SG_011312,0.5
SG_011313,0.5
SG_011327,0.5
SG_011333,0.5
SG_011335,0.5
SG_011337,0.5
SG_011340,0.5
SG_011343,0.5
SG_011345,0.5
SG_011347,0.5
SG_011350,0.5
SG_011357,0.5
SG_011360,0.5
SG_011361,0.5
SG_011367,0.5
SG_011371,0.5
SG_011376,0.5
SG_011377,0.5
SG_011380,0.5
SG_011381,0.5
SG_011383,0.5
SG_011398,0.5
SG_011401,0.5
SG_011413,0.5
SG_011416,0.5
SG_011420,0.5
SG_011429,0.5
SG_011432,0.5
SG_011437,0.5
SG_011443,0.5
SG_011447,0.5
SG_011450,0.5
SG_011457,0.5
SG_011458,0.5
SG_011460,0.5
SG_011464,0.5
SG_011468,0.5
SG_011469,0.5
SG_011473,0.5
SG_011475,0.5
SG_011479,0.5
SG_011482,0.5
SG_011483,0.5
SG_011492,0.5
SG_011493,0.5
SG_011497,0.5
SG_011503,0.5
SG_011504,0.5
SG_011505,0.5
SG_011512,0.5
SG_011519,0.5
SG_011526,0.5
SG_011527,0.5
SG_011528,0.5
SG_011532,0.5
SG_011541,0.5
SG_011544,0.5
SG_011547,0.5
SG_011548,0.5
SG_011552,0.5
SG_011566,0.5
SG_011567,0.5
SG_011569,0.5
SG_011575,0.5
SG_011576,0.5
SG_011577,0.5
SG_011581,0.5
SG_011584,0.5
SG_011586,0.5
SG_011593,0.5
SG_011597,0.5
SG_011598,0.5
SG_011602,0.5
SG_011605,0.5
SG_011607,0.5
SG_011612,0.5
SG_011616,0.5
SG_011617,0.5
SG_011620,0.5
SG_011622,0.5
SG_011625,0.5
SG_011626,0.5
SG_011627,0.5
SG_011632,0.5
SG_011633,0.5
SG_011635,0.5
SG_011638,0.5
SG_011640,0.5
SG_011645,0.5
SG_011649,0.5
SG_011656,0.5
SG_011662,0.5
SG_011663,0.5
SG_011666,0.5
SG_011672,0.5
SG_011673,0.5
SG_011676,0.5
SG_011678,0.5
SG_011682,0.5
SG_011683,0.5
SG_011684,0.5
SG_011691,0.5
SG_011694,0.5
SG_011695,0.5
SG_011697,0.5
SG_011699,0.5
SG_011701,0.5
SG_011704,0.5
SG_011705,0.5
SG_011708,0.5
SG_011714,0.5
SG_011715,0.5
SG_011720,0.5
SG_011721,0.5
SG_011727,0.5
SG_011728,0.5
SG_011729,0.5
SG_011731,0.5
SG_011736,0.5
SG_011737,0.5
SG_011747,0.5
SG_011749,0.5
SG_011750,0.5
SG_011752,0.5
SG_011757,0.5
SG_011764,0.5
SG_011767,0.5
SG_011769,0.5
SG_011770,0.5
SG_011772,0.5
SG_011773,0.5
SG_011777,0.5
SG_011779,0.5
SG_011780,0.5
SG_011786,0.5
SG_011787,0.5
SG_011789,0.5
SG_011796,0.5
SG_011799,0.5
SG_011801,0.5
SG_011802,0.5
SG_011806,0.5
SG_011812,0.5
SG_011814,0.5
SG_011815,0.5
SG_011816,0.5
SG_011830,0.5
SG_011833,0.5
SG_011843,0.5
SG_011853,0.5
SG_011855,0.5
SG_011858,0.5
SG_011861,0.5
SG_011863,0.5
SG_011864,0.5
SG_011868,0.5
SG_011869,0.5
SG_011871,0.5
SG_011886,0.5
SG_011889,0.5
SG_011890,0.5
SG_011894,0.5
SG_011896,0.5
SG_011898,0.5
SG_011900,0.5
SG_011918,0.5
SG_011922,0.5
SG_011925,0.5
SG_011926,0.5
SG_011927,0.5
SG_011931,0.5
SG_011933,0.5
SG_011936,0.5
SG_011939,0.5
SG_011940,0.5
SG_011953,0.5
SG_011955,0.5
SG_011956,0.5
SG_011959,0.5
SG_011961,0.5
SG_011962,0.5
SG_011966,0.5
SG_011969,0.5
SG_011971,0.5
SG_011977,0.5
SG_011978,0.5
SG_011983,0.5
SG_011986,0.5
SG_011988,0.5
SG_011993,0.5
SG_011995,0.5
SG_011996,0.5
SG_011997,0.5
SG_012000,0.5
SG_012013,0.5
SG_012018,0.5
SG_012019,0.5
SG_012020,0.5
SG_012022,0.5
SG_012031,0.5
SG_012040,0.5
SG_012041,0.5
SG_012048,0.5
SG_012050,0.5
SG_012051,0.5
SG_012052,0.5
SG_012064,0.5
SG_012066,0.5
SG_012068,0.5
SG_012076,0.5
SG_012077,0.5
SG_012078,0.5
SG_012079,0.5
SG_012080,0.5
SG_012081,0.5
SG_012082,0.5
SG_012086,0.5
SG_012089,0.5
SG_012097,0.5
SG_012104,0.5
SG_012108,0.5
SG_012113,0.5
SG_012119,0.5
SG_012124,0.5
SG_012125,0.5
SG_012141,0.5
SG_012143,0.5
SG_012145,0.5
SG_012148,0.5
SG_012150,0.5
SG_012162,0.5
SG_012165,0.5
SG_012166,0.5
SG_012167,0.5
SG_012168,0.5
SG_012169,0.5
SG_012170,0.5
SG_012175,0.5
SG_012176,0.5
SG_012177,0.5
SG_012181,0.5
SG_012186,0.5
SG_012190,0.5
SG_012192,0.5
SG_012194,0.5
SG_012195,0.5
SG_012198,0.5
SG_012199,0.5
SG_012205,0.5
SG_012206,0.5
SG_012211,0.5
SG_012212,0.5
SG_012213,0.5
SG_012216,0.5
SG_012217,0.5
SG_012218,0.5
SG_012220,0.5
SG_012225,0.5
SG_012230,0.5
SG_012232,0.5
SG_012234,0.5
SG_012238,0.5
SG_012241,0.5
SG_012243,0.5
SG_012247,0.5
SG_012253,0.5
SG_012258,0.5
SG_012260,0.5
SG_012263,0.5
SG_012264,0.5
SG_012266,0.5
SG_012270,0.5
SG_012272,0.5
SG_012276,0.5
SG_012277,0.5
SG_012278,0.5
SG_012279,0.5
SG_012280,0.5
SG_012281,0.5
SG_012283,0.5
SG_012284,0.5
SG_012285,0.5
SG_012290,0.5
SG_012293,0.5
SG_012301,0.5
SG_012305,0.5
SG_012307,0.5
SG_012308,0.5
SG_012310,0.5
SG_012312,0.5
SG_012313,0.5
SG_012316,0.5
SG_012321,0.5
SG_012322,0.5
SG_012326,0.5
SG_012334,0.5
SG_012336,0.5
SG_012337,0.5
SG_012339,0.5
SG_012340,0.5
SG_012345,0.5
SG_012355,0.5
SG_012362,0.5
SG_012363,0.5
SG_012368,0.5
SG_012375,0.5
SG_012378,0.5
SG_012381,0.5
SG_012384,0.5
SG_012390,0.5
SG_012393,0.5
SG_012397,0.5
SG_012400,0.5
SG_012402,0.5
SG_012410,0.5
SG_012414,0.5
SG_012419,0.5
SG_012420,0.5
SG_012422,0.5
SG_012423,0.5
SG_012424,0.5
SG_012427,0.5
SG_012432,0.5
SG_012436,0.5
SG_012437,0.5
SG_012438,0.5
SG_012444,0.5
SG_012446,0.5
SG_012452,0.5
SG_012453,0.5
SG_012456,0.5
SG_012459,0.5
SG_012468,0.5
SG_012470,0.5
SG_012480,0.5
SG_012484,0.5
SG_012489,0.5
SG_012493,0.5
SG_012495,0.5
SG_012499,0.5
SG_012501,0.5
SG_012502,0.5
SG_012504,0.5
SG_012506,0.5
SG_012509,0.5
SG_012510,0.5
SG_012513,0.5
SG_012519,0.5
SG_012520,0.5
SG_012521,0.5
SG_012525,0.5
SG_012527,0.5
SG_012531,0.5
SG_012533,0.5
SG_012538,0.5
SG_012539,0.5
SG_012548,0.5
SG_012550,0.5
SG_012552,0.5
SG_012556,0.5
SG_012561,0.5
SG_012562,0.5
SG_012563,0.5
SG_012564,0.5
SG_012567,0.5
SG_012568,0.5
SG_012571,0.5
SG_012575,0.5
SG_012579,0.5
SG_012588,0.5
SG_012591,0.5
SG_012594,0.5
SG_012596,0.5
SG_012600,0.5
SG_012601,0.5
SG_012603,0.5
SG_012606,0.5
SG_012609,0.5
SG_012610,0.5
SG_012615,0.5
SG_012616,0.5
SG_012619,0.5
SG_012623,0.5
SG_012628,0.5
SG_012630,0.5
SG_012632,0.5
SG_012636,0.5
SG_012640,0.5
SG_012643,0.5
SG_012648,0.5
SG_012651,0.5
SG_012654,0.5
SG_012660,0.5
SG_012661,0.5
SG_012663,0.5
SG_012669,0.5
SG_012674,0.5
SG_012680,0.5
SG_012684,0.5
SG_012688,0.5
SG_012690,0.5
SG_012697,0.5
SG_012699,0.5
SG_012701,0.5
SG_012705,0.5
SG_012709,0.5
SG_012710,0.5
SG_012715,0.5
SG_012716,0.5
SG_012718,0.5
SG_012723,0.5
SG_012724,0.5
SG_012730,0.5
SG_012734,0.5
SG_012736,0.5
SG_012738,0.5
SG_012747,0.5
SG_012749,0.5
SG_012750,0.5
SG_012753,0.5
SG_012754,0.5
SG_012757,0.5
SG_012763,0.5
SG_012764,0.5
SG_012767,0.5
SG_012768,0.5
SG_012773,0.5
SG_012775,0.5
SG_012777,0.5
SG_012786,0.5
SG_012787,0.5
SG_012792,0.5
SG_012797,0.5
SG_012805,0.5
SG_012808,0.5
SG_012810,0.5
SG_012819,0.5
SG_012821,0.5
SG_012822,0.5
SG_012831,0.5
SG_012844,0.5
SG_012845,0.5
SG_012848,0.5
SG_012849,0.5
SG_012851,0.5
SG_012859,0.5
SG_012861,0.5
SG_012869,0.5
SG_012870,0.5
SG_012873,0.5
SG_012874,0.5
SG_012883,0.5
SG_012886,0.5
SG_012887,0.5
SG_012888,0.5
SG_012891,0.5
SG_012898,0.5
SG_012905,0.5
SG_012910,0.5
SG_012913,0.5
SG_012918,0.5
SG_012919,0.5
SG_012920,0.5
SG_012923,0.5
SG_012924,0.5
SG_012926,0.5
SG_012936,0.5
SG_012938,0.5
SG_012940,0.5
SG_012945,0.5
SG_012949,0.5
SG_012958,0.5
SG_012962,0.5
SG_012967,0.5
SG_012968,0.5
SG_012970,0.5
SG_012972,0.5
SG_012978,0.5
SG_012979,0.5
SG_012980,0.5
SG_012981,0.5
SG_012983,0.5
SG_012984,0.5
SG_012989,0.5
SG_012994,0.5
SG_012997,0.5
SG_013002,0.5
SG_013009,0.5
SG_013017,0.5
SG_013023,0.5
SG_013028,0.5
SG_013030,0.5
SG_013033,0.5
SG_013042,0.5
SG_013043,0.5
SG_013045,0.5
SG_013063,0.5
SG_013064,0.5
SG_013065,0.5
SG_013068,0.5
SG_013070,0.5
SG_013071,0.5
SG_013072,0.5
SG_013077,0.5
SG_013080,0.5
SG_013082,0.5
SG_013083,0.5
SG_013085,0.5
SG_013086,0.5
SG_013093,0.5
SG_013094,0.5
SG_013096,0.5
SG_013104,0.5
SG_013108,0.5
SG_013111,0.5
SG_013112,0.5
SG_013115,0.5
SG_013117,0.5
SG_013125,0.5
SG_013127,0.5
SG_013135,0.5
SG_013138,0.5
SG_013139,0.5
SG_013141,0.5
SG_013149,0.5
SG_013150,0.5
SG_013157,0.5
SG_013159,0.5
SG_013166,0.5
SG_013172,0.5
SG_013177,0.5
SG_013178,0.5
SG_013187,0.5
SG_013196,0.5
SG_013201,0.5
SG_013202,0.5
SG_013212,0.5
SG_013219,0.5
SG_013222,0.5
SG_013223,0.5
SG_013224,0.5
SG_013233,0.5
SG_013237,0.5
SG_013245,0.5
SG_013249,0.5
SG_013250,0.5
SG_013260,0.5
SG_013264,0.5
SG_013266,0.5
SG_013267,0.5
SG_013269,0.5
SG_013273,0.5
SG_013276,0.5
SG_013280,0.5
SG_013281,0.5
SG_013282,0.5
SG_013288,0.5
SG_013292,0.5
SG_013294,0.5
SG_013297,0.5
SG_013304,0.5
SG_013311,0.5
SG_013313,0.5
SG_013314,0.5
SG_013315,0.5
SG_013317,0.5
SG_013321,0.5
SG_013323,0.5
SG_013327,0.5
SG_013328,0.5
SG_013332,0.5
SG_013337,0.5
SG_013338,0.5
SG_013339,0.5
SG_013340,0.5
SG_013342,0.5
SG_013344,0.5
SG_013345,0.5
SG_013347,0.5
SG_013348,0.5
SG_013356,0.5
SG_013358,0.5
SG_013359,0.5
SG_013360,0.5
SG_013361,0.5
SG_013362,0.5
SG_013366,0.5
SG_013371,0.5
SG_013372,0.5
SG_013374,0.5
SG_013380,0.5
SG_013383,0.5
SG_013384,0.5
SG_013391,0.5
SG_013392,0.5
SG_013393,0.5
SG_013396,0.5
SG_013400,0.5
SG_013404,0.5
SG_013412,0.5
SG_013413,0.5
SG_013414,0.5
SG_013418,0.5
SG_013420,0.5
SG_013421,0.5
SG_013424,0.5
SG_013427,0.5
SG_013430,0.5
SG_013435,0.5
SG_013438,0.5
SG_013440,0.5
SG_013443,0.5
SG_013444,0.5
SG_013446,0.5
SG_013447,0.5
SG_013452,0.5
SG_013454,0.5
SG_013456,0.5
SG_013462,0.5
SG_013463,0.5
SG_013464,0.5
SG_013468,0.5
SG_013472,0.5
SG_013474,0.5
SG_013477,0.5
SG_013480,0.5
SG_013485,0.5
SG_013486,0.5
SG_013487,0.5
SG_013491,0.5
SG_013495,0.5
SG_013499,0.5
SG_013504,0.5
SG_013508,0.5
SG_013509,0.5
SG_013515,0.5
SG_013523,0.5
SG_013528,0.5
SG_013538,0.5
SG_013542,0.5
SG_013543,0.5
SG_013544,0.5
SG_013545,0.5
SG_013546,0.5
SG_013548,0.5
SG_013549,0.5
SG_013552,0.5
SG_013553,0.5
SG_013554,0.5
SG_013557,0.5
SG_013558,0.5
SG_013561,0.5
SG_013563,0.5
SG_013565,0.5
SG_013567,0.5
SG_013568,0.5
SG_013571,0.5
SG_013574,0.5
SG_013575,0.5
SG_013578,0.5
SG_013579,0.5
SG_013580,0.5
SG_013586,0.5
SG_013588,0.5
SG_013591,0.5
SG_013598,0.5
SG_013601,0.5
SG_013602,0.5
SG_013604,0.5
SG_013608,0.5
SG_013610,0.5
SG_013612,0.5
SG_013613,0.5
SG_013616,0.5
SG_013619,0.5
SG_013624,0.5
SG_013626,0.5
SG_013628,0.5
SG_013629,0.5
SG_013633,0.5
SG_013635,0.5
SG_013637,0.5
SG_013638,0.5
SG_013639,0.5
SG_013641,0.5
SG_013646,0.5
SG_013653,0.5
SG_013667,0.5
SG_013668,0.5
SG_013670,0.5
SG_013675,0.5
SG_013677,0.5
SG_013678,0.5
SG_013681,0.5
SG_013682,0.5
SG_013683,0.5
SG_013684,0.5
SG_013685,0.5
SG_013686,0.5
SG_013690,0.5
SG_013695,0.5
SG_013705,0.5
SG_013706,0.5
SG_013708,0.5
SG_013711,0.5
SG_013713,0.5
SG_013715,0.5
SG_013716,0.5
SG_013726,0.5
SG_013727,0.5
SG_013728,0.5
SG_013731,0.5
SG_013733,0.5
SG_013737,0.5
SG_013740,0.5
SG_013741,0.5
SG_013744,0.5
SG_013745,0.5
SG_013746,0.5
SG_013747,0.5
SG_013749,0.5
SG_013755,0.5
SG_013759,0.5
SG_013765,0.5
SG_013766,0.5
SG_013769,0.5
SG_013773,0.5
SG_013785,0.5
SG_013793,0.5
SG_013800,0.5
SG_013808,0.5
SG_013815,0.5
SG_013827,0.5
SG_013840,0.5
SG_013841,0.5
SG_013842,0.5
SG_013844,0.5
SG_013845,0.5
SG_013849,0.5
SG_013850,0.5
SG_013851,0.5
SG_013853,0.5
SG_013854,0.5
SG_013855,0.5
SG_013857,0.5
SG_013860,0.5
SG_013862,0.5
SG_013867,0.5
SG_013868,0.5
SG_013870,0.5
SG_013883,0.5
SG_013884,0.5
SG_013885,0.5
SG_013892,0.5
SG_013896,0.5
SG_013898,0.5
SG_013901,0.5
SG_013905,0.5
SG_013906,0.5
SG_013907,0.5
SG_013910,0.5
SG_013912,0.5
SG_013914,0.5
SG_013919,0.5
SG_013922,0.5
SG_013943,0.5
SG_013944,0.5
SG_013946,0.5
SG_013948,0.5
SG_013949,0.5
SG_013953,0.5
SG_013962,0.5
SG_013965,0.5
SG_013969,0.5
SG_013974,0.5
SG_013978,0.5
SG_013979,0.5
SG_013980,0.5
SG_013986,0.5
SG_013997,0.5
SG_014000,0.5
SG_014004,0.5
SG_014009,0.5
SG_014010,0.5
SG_014012,0.5
SG_014014,0.5
SG_014015,0.5
SG_014016,0.5
SG_014017,0.5
SG_014018,0.5
SG_014020,0.5
SG_014021,0.5
SG_014022,0.5
SG_014023,0.5
SG_014026,0.5
SG_014030,0.5
SG_014031,0.5
SG_014036,0.5
SG_014037,0.5
SG_014039,0.5
SG_014045,0.5
SG_014046,0.5
SG_014047,0.5
SG_014050,0.5
SG_014053,0.5
SG_014058,0.5
SG_014059,0.5
SG_014062,0.5
SG_014067,0.5
SG_014072,0.5
SG_014073,0.5
SG_014075,0.5
SG_014081,0.5
SG_014085,0.5
SG_014088,0.5
SG_014096,0.5
SG_014099,0.5
SG_014102,0.5
SG_014105,0.5
SG_014111,0.5
SG_014113,0.5
SG_014116,0.5
SG_014122,0.5
SG_014123,0.5
SG_014124,0.5
SG_014130,0.5
SG_014132,0.5
SG_014135,0.5
SG_014136,0.5
SG_014139,0.5
SG_014140,0.5
SG_014141,0.5
SG_014146,0.5
SG_014155,0.5
SG_014157,0.5
SG_014161,0.5
SG_014162,0.5
SG_014165,0.5
SG_014167,0.5
SG_014168,0.5
SG_014172,0.5
SG_014176,0.5
SG_014177,0.5
SG_014184,0.5
SG_014186,0.5
SG_014188,0.5
SG_014190,0.5
SG_014191,0.5
SG_014192,0.5
SG_014194,0.5
SG_014196,0.5
SG_014197,0.5
SG_014205,0.5
SG_014210,0.5
SG_014217,0.5
SG_014219,0.5
SG_014223,0.5
SG_014235,0.5
SG_014237,0.5
SG_014243,0.5
SG_014248,0.5
SG_014249,0.5
SG_014259,0.5
SG_014269,0.5
SG_014270,0.5
SG_014272,0.5
SG_014277,0.5
SG_014288,0.5
SG_014290,0.5
SG_014292,0.5
SG_014293,0.5
SG_014295,0.5
SG_014299,0.5
SG_014308,0.5
SG_014309,0.5
SG_014311,0.5
SG_014314,0.5
SG_014319,0.5
SG_014320,0.5
SG_014321,0.5
SG_014328,0.5
SG_014334,0.5
SG_014335,0.5
SG_014339,0.5
SG_014342,0.5
SG_014343,0.5
SG_014345,0.5
SG_014363,0.5
SG_014368,0.5
SG_014370,0.5
SG_014373,0.5
SG_014375,0.5
SG_014380,0.5
SG_014383,0.5
SG_014385,0.5
SG_014386,0.5
SG_014387,0.5
SG_014389,0.5
SG_014391,0.5
SG_014394,0.5
SG_014398,0.5
SG_014402,0.5
SG_014409,0.5
SG_014411,0.5
SG_014415,0.5
SG_014416,0.5
SG_014418,0.5
SG_014425,0.5
SG_014426,0.5
SG_014431,0.5
SG_014432,0.5
SG_014446,0.5
SG_014447,0.5
SG_014457,0.5
SG_014465,0.5
SG_014466,0.5
SG_014469,0.5
SG_014474,0.5
SG_014484,0.5
SG_014486,0.5
SG_014488,0.5
SG_014491,0.5
SG_014495,0.5
SG_014512,0.5
SG_014514,0.5
SG_014516,0.5
SG_014519,0.5
SG_014522,0.5
SG_014529,0.5
SG_014538,0.5
SG_014544,0.5
SG_014551,0.5
SG_014552,0.5
SG_014556,0.5
SG_014562,0.5
SG_014565,0.5
SG_014566,0.5
SG_014568,0.5
SG_014569,0.5
SG_014570,0.5
SG_014578,0.5
SG_014579,0.5
SG_014581,0.5
SG_014582,0.5
SG_014583,0.5
SG_014587,0.5
SG_014594,0.5
SG_014596,0.5
SG_014597,0.5
SG_014607,0.5
SG_014611,0.5
SG_014616,0.5
SG_014617,0.5
SG_014618,0.5
SG_014619,0.5
SG_014621,0.5
SG_014626,0.5
SG_014634,0.5
SG_014635,0.5
SG_014636,0.5
SG_014637,0.5
SG_014640,0.5
SG_014641,0.5
SG_014645,0.5
SG_014647,0.5
SG_014653,0.5
SG_014655,0.5
SG_014656,0.5
SG_014657,0.5
SG_014660,0.5
SG_014667,0.5
SG_014672,0.5
SG_014677,0.5
SG_014680,0.5
SG_014681,0.5
SG_014687,0.5
SG_014690,0.5
SG_014691,0.5
SG_014700,0.5
SG_014701,0.5
SG_014702,0.5
SG_014703,0.5
SG_014712,0.5
SG_014713,0.5
SG_014718,0.5
SG_014720,0.5
SG_014723,0.5
SG_014729,0.5
SG_014731,0.5
SG_014733,0.5
SG_014735,0.5
SG_014742,0.5
SG_014746,0.5
SG_014748,0.5
SG_014749,0.5
SG_014753,0.5
SG_014754,0.5
SG_014757,0.5
SG_014771,0.5
SG_014774,0.5
SG_014777,0.5
SG_014778,0.5
SG_014780,0.5
SG_014787,0.5
SG_014800,0.5
SG_014801,0.5
SG_014802,0.5
SG_014803,0.5
SG_014808,0.5
SG_014812,0.5
SG_014813,0.5
SG_014815,0.5
SG_014824,0.5
SG_014825,0.5
SG_014827,0.5
SG_014830,0.5
SG_014834,0.5
SG_014839,0.5
SG_014844,0.5
SG_014865,0.5
SG_014866,0.5
SG_014867,0.5
SG_014871,0.5
SG_014874,0.5
SG_014875,0.5
SG_014879,0.5
SG_014880,0.5
SG_014882,0.5
SG_014885,0.5
SG_014887,0.5
SG_014894,0.5
SG_014895,0.5
SG_014898,0.5
SG_014900,0.5
SG_014906,0.5
SG_014909,0.5
SG_014914,0.5
SG_014919,0.5
SG_014921,0.5
SG_014939,0.5
SG_014940,0.5
SG_014945,0.5
SG_014946,0.5
SG_014951,0.5
SG_014953,0.5
SG_014955,0.5
SG_014959,0.5
SG_014961,0.5
SG_014964,0.5
SG_014965,0.5
SG_014966,0.5
SG_014969,0.5
SG_014972,0.5
SG_014976,0.5
SG_014979,0.5
SG_014980,0.5
SG_014984,0.5
SG_014990,0.5
SG_014998,0.5
SG_014999,0.5
SG_015001,0.5
SG_015002,0.5
SG_015014,0.5
SG_015015,0.5
SG_015021,0.5
SG_015026,0.5
SG_015031,0.5
SG_015036,0.5
SG_015039,0.5
SG_015042,0.5
SG_015044,0.5
SG_015046,0.5
SG_015047,0.5
SG_015050,0.5
SG_015054,0.5
SG_015066,0.5
SG_015068,0.5
SG_015071,0.5
SG_015075,0.5
SG_015076,0.5
SG_015081,0.5
SG_015082,0.5
SG_015085,0.5
SG_015093,0.5
SG_015095,0.5
SG_015099,0.5
SG_015102,0.5
SG_015103,0.5
SG_015111,0.5
SG_015112,0.5
SG_015118,0.5
SG_015125,0.5
SG_015126,0.5
SG_015127,0.5
SG_015129,0.5
SG_015134,0.5
SG_015135,0.5
SG_015137,0.5
SG_015138,0.5
SG_015144,0.5
SG_015146,0.5
SG_015152,0.5
SG_015155,0.5
SG_015158,0.5
SG_015159,0.5
SG_015161,0.5
SG_015165,0.5
SG_015167,0.5
SG_015169,0.5
SG_015176,0.5
SG_015180,0.5
SG_015183,0.5
SG_015189,0.5
SG_015190,0.5
SG_015192,0.5
SG_015195,0.5
SG_015197,0.5
SG_015201,0.5
SG_015202,0.5
SG_015214,0.5
SG_015215,0.5
SG_015217,0.5
SG_015222,0.5
SG_015224,0.5
SG_015235,0.5
SG_015239,0.5
SG_015246,0.5
SG_015251,0.5
SG_015252,0.5
SG_015256,0.5
SG_015257,0.5
SG_015261,0.5
SG_015262,0.5
SG_015263,0.5
SG_015269,0.5
SG_015270,0.5
SG_015272,0.5
SG_015276,0.5
SG_015277,0.5
SG_015278,0.5
SG_015279,0.5
SG_015280,0.5
SG_015283,0.5
SG_015284,0.5
SG_015289,0.5
SG_015290,0.5
SG_015294,0.5
SG_015296,0.5
SG_015297,0.5
SG_015302,0.5
SG_015304,0.5
SG_015308,0.5
SG_015309,0.5
SG_015312,0.5
SG_015317,0.5
SG_015322,0.5
SG_015323,0.5
SG_015326,0.5
SG_015329,0.5
SG_015337,0.5
SG_015339,0.5
SG_015340,0.5
SG_015341,0.5
SG_015346,0.5
SG_015348,0.5
SG_015349,0.5
SG_015351,0.5
SG_015355,0.5
SG_015356,0.5
SG_015360,0.5
SG_015361,0.5
SG_015362,0.5
SG_015363,0.5
SG_015369,0.5
SG_015372,0.5
SG_015375,0.5
SG_015381,0.5
SG_015382,0.5
SG_015383,0.5
SG_015384,0.5
SG_015388,0.5
SG_015395,0.5
SG_015397,0.5
SG_015399,0.5
SG_015400,0.5
SG_015401,0.5
SG_015402,0.5
SG_015403,0.5
SG_015406,0.5
SG_015412,0.5
SG_015421,0.5
SG_015424,0.5
SG_015425,0.5
SG_015428,0.5
SG_015430,0.5
SG_015431,0.5
SG_015439,0.5
SG_015440,0.5
SG_015446,0.5
SG_015447,0.5
SG_015448,0.5
SG_015452,0.5
SG_015454,0.5
SG_015458,0.5
SG_015462,0.5
SG_015463,0.5
SG_015464,0.5
SG_015466,0.5
SG_015467,0.5
SG_015470,0.5
SG_015473,0.5
SG_015479,0.5
SG_015481,0.5
SG_015483,0.5
SG_015492,0.5
SG_015495,0.5
SG_015498,0.5
SG_015503,0.5
SG_015507,0.5
SG_015512,0.5
SG_015514,0.5
SG_015517,0.5
SG_015520,0.5
SG_015524,0.5
SG_015526,0.5
SG_015527,0.5
SG_015535,0.5
SG_015537,0.5
SG_015538,0.5
SG_015540,0.5
SG_015542,0.5
SG_015543,0.5
SG_015544,0.5
SG_015546,0.5
SG_015547,0.5
SG_015550,0.5
SG_015556,0.5
SG_015558,0.5
SG_015559,0.5
SG_015560,0.5
SG_015562,0.5
SG_015565,0.5
SG_015568,0.5
SG_015572,0.5
SG_015576,0.5
SG_015578,0.5
SG_015580,0.5
SG_015582,0.5
SG_015584,0.5
SG_015585,0.5
SG_015586,0.5
SG_015587,0.5
SG_015589,0.5
SG_015590,0.5
SG_015591,0.5
SG_015593,0.5
SG_015597,0.5
SG_015598,0.5
SG_015600,0.5
SG_015606,0.5
SG_015613,0.5
SG_015615,0.5
SG_015617,0.5
SG_015619,0.5
SG_015623,0.5
SG_015627,0.5
SG_015637,0.5
SG_015641,0.5
SG_015644,0.5
SG_015649,0.5
SG_015654,0.5
SG_015655,0.5
SG_015656,0.5
SG_015659,0.5
SG_015662,0.5
SG_015664,0.5
SG_015671,0.5
SG_015675,0.5
SG_015678,0.5
SG_015680,0.5
SG_015681,0.5
SG_015682,0.5
SG_015684,0.5
SG_015693,0.5
SG_015708,0.5
SG_015715,0.5
SG_015716,0.5
SG_015718,0.5
SG_015721,0.5
SG_015724,0.5
SG_015726,0.5
SG_015729,0.5
SG_015730,0.5
SG_015735,0.5
SG_015738,0.5
SG_015743,0.5
SG_015744,0.5
SG_015746,0.5
SG_015756,0.5
SG_015762,0.5
SG_015763,0.5
SG_015766,0.5
SG_015769,0.5
SG_015770,0.5
SG_015772,0.5
SG_015773,0.5
SG_015780,0.5
SG_015790,0.5
SG_015797,0.5
SG_015806,0.5
SG_015810,0.5
SG_015815,0.5
SG_015817,0.5
SG_015818,0.5
SG_015819,0.5
SG_015820,0.5
SG_015827,0.5
SG_015828,0.5
SG_015829,0.5
SG_015832,0.5
SG_015833,0.5
SG_015834,0.5
SG_015838,0.5
SG_015840,0.5
SG_015842,0.5
SG_015845,0.5
SG_015849,0.5
SG_015857,0.5
SG_015859,0.5
SG_015860,0.5
SG_015867,0.5
SG_015873,0.5
SG_015878,0.5
SG_015879,0.5
SG_015880,0.5
SG_015881,0.5
SG_015884,0.5
SG_015885,0.5
SG_015891,0.5
SG_015893,0.5
SG_015898,0.5
SG_015900,0.5
SG_015901,0.5
SG_015907,0.5
SG_015908,0.5
SG_015910,0.5
SG_015914,0.5
SG_015917,0.5
SG_015921,0.5
SG_015922,0.5
SG_015928,0.5
SG_015939,0.5
SG_015940,0.5
SG_015942,0.5
SG_015943,0.5
SG_015947,0.5
SG_015950,0.5
SG_015951,0.5
SG_015955,0.5
SG_015964,0.5
SG_015965,0.5
SG_015972,0.5
SG_015973,0.5
SG_015975,0.5
SG_015977,0.5
SG_015978,0.5
SG_015979,0.5
SG_015980,0.5
SG_015981,0.5
SG_015985,0.5
SG_015988,0.5
SG_015989,0.5
SG_015990,0.5
SG_015998,0.5
SG_015999,0.5
SG_016002,0.5
SG_016003,0.5
SG_016004,0.5
SG_016008,0.5
SG_016010,0.5
SG_016013,0.5
SG_016015,0.5
SG_016020,0.5
SG_016021,0.5
SG_016022,0.5
SG_016027,0.5
SG_016028,0.5
SG_016029,0.5
SG_016030,0.5
SG_016045,0.5
SG_016048,0.5
SG_016049,0.5
SG_016054,0.5
SG_016056,0.5
SG_016060,0.5
SG_016065,0.5
SG_016081,0.5
SG_016085,0.5
SG_016089,0.5
SG_016091,0.5
SG_016092,0.5
SG_016101,0.5
SG_016102,0.5
SG_016103,0.5
SG_016108,0.5
SG_016109,0.5
SG_016111,0.5
SG_016113,0.5
SG_016114,0.5
SG_016115,0.5
SG_016116,0.5
SG_016119,0.5
SG_016124,0.5
SG_016127,0.5
SG_016132,0.5
SG_016133,0.5
SG_016134,0.5
SG_016138,0.5
SG_016140,0.5
SG_016146,0.5
SG_016147,0.5
SG_016156,0.5
SG_016158,0.5
SG_016159,0.5
SG_016160,0.5
SG_016161,0.5
SG_016163,0.5
SG_016164,0.5
SG_016165,0.5
SG_016166,0.5
SG_016171,0.5
SG_016172,0.5
SG_016174,0.5
SG_016176,0.5
SG_016179,0.5
SG_016181,0.5
SG_016183,0.5
SG_016185,0.5
SG_016186,0.5
SG_016187,0.5
SG_016188,0.5
SG_016190,0.5
SG_016194,0.5
SG_016195,0.5
SG_016196,0.5
SG_016197,0.5
SG_016211,0.5
SG_016214,0.5
SG_016215,0.5
SG_016219,0.5
SG_016221,0.5
SG_016222,0.5
SG_016224,0.5
SG_016225,0.5
SG_016233,0.5
SG_016234,0.5
SG_016235,0.5
SG_016238,0.5
SG_016242,0.5
SG_016244,0.5
SG_016245,0.5
SG_016246,0.5
SG_016249,0.5
SG_016251,0.5
SG_016252,0.5
SG_016259,0.5
SG_016262,0.5
SG_016263,0.5
SG_016268,0.5
SG_016270,0.5
SG_016272,0.5
SG_016273,0.5
SG_016275,0.5
SG_016278,0.5
SG_016282,0.5
SG_016285,0.5
SG_016289,0.5
SG_016292,0.5
SG_016297,0.5
SG_016299,0.5
SG_016310,0.5
SG_016315,0.5
SG_016316,0.5
SG_016318,0.5
SG_016324,0.5
SG_016326,0.5
SG_016327,0.5
SG_016330,0.5
SG_016331,0.5
SG_016332,0.5
SG_016333,0.5
SG_016334,0.5
SG_016337,0.5
SG_016341,0.5
SG_016343,0.5
SG_016345,0.5
SG_016346,0.5
SG_016349,0.5
SG_016351,0.5
SG_016352,0.5
SG_016354,0.5
SG_016363,0.5
SG_016372,0.5
SG_016375,0.5
SG_016382,0.5
SG_016384,0.5
SG_016386,0.5
SG_016389,0.5
SG_016392,0.5
SG_016393,0.5
SG_016394,0.5
SG_016401,0.5
SG_016402,0.5
SG_016405,0.5
SG_016414,0.5
SG_016421,0.5
SG_016424,0.5
SG_016425,0.5
SG_016429,0.5
SG_016431,0.5
SG_016432,0.5
SG_016435,0.5
SG_016436,0.5
SG_016443,0.5
SG_016445,0.5
SG_016450,0.5
SG_016452,0.5
SG_016456,0.5
SG_016462,0.5
SG_016463,0.5
SG_016474,0.5
SG_016482,0.5
SG_016488,0.5
SG_016502,0.5
SG_016503,0.5
SG_016507,0.5
SG_016508,0.5
SG_016511,0.5
SG_016512,0.5
SG_016517,0.5
SG_016518,0.5
SG_016520,0.5
SG_016522,0.5
SG_016524,0.5
SG_016526,0.5
SG_016528,0.5
SG_016529,0.5
SG_016532,0.5
SG_016535,0.5
SG_016537,0.5
SG_016539,0.5
SG_016542,0.5
SG_016545,0.5
SG_016547,0.5
SG_016548,0.5
SG_016554,0.5
SG_016562,0.5
SG_016563,0.5
SG_016566,0.5
SG_016567,0.5
SG_016580,0.5
SG_016581,0.5
SG_016585,0.5
SG_016600,0.5
SG_016603,0.5
SG_016604,0.5
SG_016606,0.5
SG_016609,0.5
SG_016612,0.5
SG_016613,0.5
SG_016614,0.5
SG_016623,0.5
SG_016625,0.5
SG_016632,0.5
SG_016634,0.5
SG_016637,0.5
SG_016641,0.5
SG_016646,0.5
SG_016647,0.5
SG_016660,0.5
SG_016662,0.5
SG_016670,0.5
SG_016671,0.5
SG_016673,0.5
SG_016675,0.5
SG_016685,0.5
SG_016689,0.5
SG_016690,0.5
SG_016691,0.5
SG_016692,0.5
SG_016696,0.5
SG_016698,0.5
SG_016699,0.5
SG_016703,0.5
SG_016704,0.5
SG_016705,0.5
SG_016708,0.5
SG_016710,0.5
SG_016711,0.5
SG_016714,0.5
SG_016716,0.5
SG_016719,0.5
SG_016720,0.5
SG_016721,0.5
SG_016723,0.5
SG_016732,0.5
SG_016733,0.5
SG_016736,0.5
SG_016737,0.5
SG_016738,0.5
SG_016741,0.5
SG_016745,0.5
SG_016746,0.5
SG_016752,0.5
SG_016754,0.5
SG_016758,0.5
SG_016763,0.5
SG_016765,0.5
SG_016769,0.5
SG_016776,0.5
SG_016778,0.5
SG_016779,0.5
SG_016780,0.5
SG_016783,0.5
SG_016785,0.5
SG_016786,0.5
SG_016792,0.5
SG_016793,0.5
SG_016794,0.5
SG_016805,0.5
SG_016807,0.5
SG_016810,0.5
SG_016813,0.5
SG_016818,0.5
SG_016819,0.5
SG_016823,0.5
SG_016827,0.5
SG_016828,0.5
SG_016832,0.5
SG_016834,0.5
SG_016837,0.5
SG_016840,0.5
SG_016843,0.5
SG_016847,0.5
SG_016849,0.5
SG_016851,0.5
SG_016857,0.5
SG_016858,0.5
SG_016859,0.5
SG_016861,0.5
SG_016863,0.5
SG_016874,0.5
SG_016877,0.5
SG_016881,0.5
SG_016885,0.5
SG_016887,0.5
SG_016888,0.5
SG_016891,0.5
SG_016893,0.5
SG_016895,0.5
SG_016900,0.5
SG_016902,0.5
SG_016904,0.5
SG_016909,0.5
SG_016911,0.5
SG_016924,0.5
SG_016925,0.5
SG_016928,0.5
SG_016937,0.5
SG_016939,0.5
SG_016941,0.5
SG_016944,0.5
SG_016946,0.5
SG_016951,0.5
SG_016961,0.5
SG_016963,0.5
SG_016967,0.5
SG_016968,0.5
SG_016971,0.5
SG_016973,0.5
SG_016974,0.5
SG_016975,0.5
SG_016976,0.5
SG_016986,0.5
SG_016989,0.5
SG_016990,0.5
SG_017003,0.5
SG_017005,0.5
SG_017006,0.5
SG_017016,0.5
SG_017018,0.5
SG_017021,0.5
SG_017026,0.5
SG_017028,0.5
SG_017040,0.5
SG_017043,0.5
SG_017044,0.5
SG_017046,0.5
SG_017048,0.5
SG_017049,0.5
SG_017050,0.5
SG_017055,0.5
SG_017056,0.5
SG_017062,0.5
SG_017067,0.5
SG_017070,0.5
SG_017071,0.5
SG_017076,0.5
SG_017077,0.5
SG_017079,0.5
SG_017080,0.5
SG_017085,0.5
SG_017098,0.5
SG_017103,0.5
SG_017110,0.5
SG_017111,0.5
SG_017114,0.5
SG_017116,0.5
SG_017123,0.5
SG_017124,0.5
SG_017126,0.5
SG_017127,0.5
SG_017130,0.5
SG_017139,0.5
SG_017144,0.5
SG_017145,0.5
SG_017146,0.5
SG_017154,0.5
SG_017158,0.5
SG_017170,0.5
SG_017171,0.5
SG_017172,0.5
SG_017182,0.5
SG_017187,0.5
SG_017190,0.5
SG_017192,0.5
SG_017193,0.5
SG_017195,0.5
SG_017202,0.5
SG_017206,0.5
SG_017208,0.5
SG_017213,0.5
SG_017218,0.5
SG_017220,0.5
SG_017223,0.5
SG_017224,0.5
SG_017225,0.5
SG_017227,0.5
SG_017228,0.5
SG_017230,0.5
SG_017232,0.5
SG_017235,0.5
SG_017239,0.5
SG_017241,0.5
SG_017245,0.5
SG_017250,0.5
SG_017254,0.5
SG_017255,0.5
SG_017266,0.5
SG_017269,0.5
SG_017272,0.5
SG_017276,0.5
SG_017279,0.5
SG_017281,0.5
SG_017287,0.5
SG_017288,0.5
SG_017292,0.5
SG_017294,0.5
SG_017296,0.5
SG_017303,0.5
SG_017304,0.5
SG_017309,0.5
SG_017311,0.5
SG_017316,0.5
SG_017317,0.5
SG_017318,0.5
SG_017323,0.5
SG_017328,0.5
SG_017338,0.5
SG_017339,0.5
SG_017347,0.5
SG_017348,0.5
SG_017349,0.5
SG_017350,0.5
SG_017354,0.5
SG_017358,0.5
SG_017360,0.5
SG_017361,0.5
SG_017364,0.5
SG_017368,0.5
SG_017373,0.5
SG_017376,0.5
SG_017383,0.5
SG_017385,0.5
SG_017391,0.5
SG_017399,0.5
SG_017402,0.5
SG_017405,0.5
SG_017406,0.5
SG_017416,0.5
SG_017419,0.5
SG_017421,0.5
SG_017423,0.5
SG_017425,0.5
SG_017428,0.5
SG_017431,0.5
SG_017432,0.5
SG_017438,0.5
SG_017439,0.5
SG_017445,0.5
SG_017448,0.5
SG_017452,0.5
SG_017454,0.5
SG_017457,0.5
SG_017458,0.5
SG_017464,0.5
SG_017465,0.5
SG_017466,0.5
SG_017467,0.5
SG_017475,0.5
SG_017479,0.5
SG_017480,0.5
SG_017481,0.5
SG_017482,0.5
SG_017484,0.5
SG_017486,0.5
SG_017501,0.5
SG_017504,0.5
SG_017507,0.5
SG_017509,0.5
SG_017513,0.5
SG_017514,0.5
SG_017516,0.5
SG_017518,0.5
SG_017521,0.5
SG_017526,0.5
SG_017529,0.5
SG_017532,0.5
SG_017535,0.5
SG_017537,0.5
SG_017538,0.5
SG_017542,0.5
SG_017545,0.5
SG_017549,0.5
SG_017557,0.5
SG_017559,0.5
SG_017560,0.5
SG_017562,0.5
SG_017563,0.5
SG_017565,0.5
SG_017572,0.5
SG_017575,0.5
SG_017577,0.5
SG_017578,0.5
SG_017579,0.5
SG_017580,0.5
SG_017581,0.5
SG_017589,0.5
SG_017590,0.5
SG_017594,0.5
SG_017597,0.5
SG_017604,0.5
SG_017605,0.5
SG_017606,0.5
SG_017607,0.5
SG_017611,0.5
SG_017615,0.5
SG_017616,0.5
SG_017617,0.5
SG_017621,0.5
SG_017622,0.5
SG_017629,0.5
SG_017630,0.5
SG_017634,0.5
SG_017639,0.5
SG_017642,0.5
SG_017646,0.5
SG_017657,0.5
SG_017658,0.5
SG_017667,0.5
SG_017673,0.5
SG_017674,0.5
SG_017677,0.5
SG_017679,0.5
SG_017683,0.5
SG_017687,0.5
SG_017689,0.5
SG_017691,0.5
SG_017693,0.5
SG_017696,0.5
SG_017697,0.5
SG_017702,0.5
SG_017703,0.5
SG_017709,0.5
SG_017714,0.5
SG_017715,0.5
SG_017718,0.5
SG_017719,0.5
SG_017728,0.5
SG_017729,0.5
SG_017739,0.5
SG_017743,0.5
SG_017745,0.5
SG_017746,0.5
SG_017749,0.5
SG_017750,0.5
SG_017754,0.5
SG_017757,0.5
SG_017760,0.5
SG_017774,0.5
SG_017775,0.5
SG_017776,0.5
SG_017777,0.5
SG_017778,0.5
SG_017781,0.5
SG_017782,0.5
SG_017789,0.5
SG_017795,0.5
SG_017798,0.5
SG_017811,0.5
SG_017817,0.5
SG_017819,0.5
SG_017822,0.5
SG_017827,0.5
SG_017830,0.5
SG_017832,0.5
SG_017834,0.5
SG_017838,0.5
SG_017840,0.5
SG_017847,0.5
SG_017851,0.5
SG_017855,0.5
SG_017862,0.5
SG_017865,0.5
SG_017866,0.5
SG_017867,0.5
SG_017878,0.5
SG_017879,0.5
SG_017880,0.5
SG_017881,0.5
SG_017882,0.5
SG_017886,0.5
SG_017888,0.5
SG_017889,0.5
SG_017895,0.5
SG_017900,0.5
SG_017902,0.5
SG_017907,0.5
SG_017909,0.5
SG_017910,0.5
SG_017913,0.5
SG_017914,0.5
SG_017917,0.5
SG_017918,0.5
SG_017919,0.5
SG_017920,0.5
SG_017936,0.5
SG_017938,0.5
SG_017945,0.5
SG_017947,0.5
SG_017949,0.5
SG_017956,0.5
SG_017958,0.5
SG_017960,0.5
SG_017965,0.5
SG_017971,0.5
SG_017973,0.5
SG_017978,0.5
SG_017981,0.5
SG_017985,0.5
SG_017987,0.5
SG_017991,0.5
SG_017992,0.5
SG_018002,0.5
SG_018003,0.5
SG_018005,0.5
SG_018014,0.5
SG_018015,0.5
SG_018016,0.5
SG_018017,0.5
SG_018024,0.5
SG_018028,0.5
SG_018032,0.5
SG_018033,0.5
SG_018037,0.5
SG_018040,0.5
SG_018042,0.5
SG_018046,0.5
SG_018050,0.5
SG_018055,0.5
SG_018056,0.5
SG_018061,0.5
SG_018063,0.5
SG_018064,0.5
SG_018067,0.5
SG_018072,0.5
SG_018073,0.5
SG_018074,0.5
SG_018076,0.5
SG_018080,0.5
SG_018084,0.5
SG_018088,0.5
SG_018090,0.5
SG_018092,0.5
SG_018094,0.5
SG_018096,0.5
SG_018100,0.5
SG_018109,0.5
SG_018111,0.5
SG_018120,0.5
SG_018124,0.5
SG_018125,0.5
SG_018130,0.5
SG_018132,0.5
SG_018134,0.5
SG_018140,0.5
SG_018144,0.5
SG_018146,0.5
SG_018150,0.5
SG_018154,0.5
SG_018155,0.5
SG_018160,0.5
SG_018165,0.5
SG_018166,0.5
SG_018170,0.5
SG_018174,0.5
SG_018175,0.5
SG_018178,0.5
SG_018181,0.5
SG_018186,0.5
SG_018188,0.5
SG_018195,0.5
SG_018198,0.5
SG_018201,0.5
SG_018206,0.5
SG_018208,0.5
SG_018214,0.5
SG_018215,0.5
SG_018216,0.5
SG_018221,0.5
SG_018224,0.5
SG_018228,0.5
SG_018229,0.5
SG_018238,0.5
SG_018241,0.5
SG_018246,0.5
SG_018247,0.5
SG_018252,0.5
SG_018253,0.5
SG_018259,0.5
SG_018261,0.5
SG_018263,0.5
SG_018266,0.5
SG_018269,0.5
SG_018270,0.5
SG_018276,0.5
SG_018278,0.5
SG_018281,0.5
SG_018282,0.5
SG_018284,0.5
SG_018286,0.5
SG_018287,0.5
SG_018294,0.5
SG_018297,0.5
SG_018303,0.5
SG_018305,0.5
SG_018307,0.5
SG_018312,0.5
SG_018316,0.5
SG_018321,0.5
SG_018322,0.5
SG_018325,0.5
SG_018327,0.5
SG_018330,0.5
SG_018334,0.5
SG_018336,0.5
SG_018338,0.5
SG_018341,0.5
SG_018342,0.5
SG_018347,0.5
SG_018348,0.5
SG_018351,0.5
SG_018360,0.5
SG_018361,0.5
SG_018364,0.5
SG_018366,0.5
SG_018368,0.5
SG_018372,0.5
SG_018379,0.5
SG_018381,0.5
SG_018386,0.5
SG_018387,0.5
SG_018388,0.5
SG_018394,0.5
SG_018407,0.5
SG_018410,0.5
SG_018411,0.5
SG_018417,0.5
SG_018418,0.5
SG_018420,0.5
SG_018422,0.5
SG_018424,0.5
SG_018426,0.5
SG_018427,0.5
SG_018430,0.5
SG_018433,0.5
SG_018434,0.5
SG_018436,0.5
SG_018441,0.5
SG_018442,0.5
SG_018445,0.5
SG_018448,0.5
SG_018452,0.5
SG_018455,0.5
SG_018458,0.5
SG_018462,0.5
SG_018468,0.5
SG_018469,0.5
SG_018470,0.5
SG_018471,0.5
SG_018472,0.5
SG_018474,0.5
SG_018476,0.5
SG_018481,0.5
SG_018485,0.5
SG_018487,0.5
SG_018490,0.5
SG_018491,0.5
SG_018493,0.5
SG_018494,0.5
SG_018497,0.5
SG_018501,0.5
SG_018503,0.5
SG_018505,0.5
SG_018506,0.5
SG_018510,0.5
SG_018511,0.5
SG_018514,0.5
SG_018519,0.5
SG_018520,0.5
SG_018524,0.5
SG_018525,0.5
SG_018526,0.5
SG_018529,0.5
SG_018531,0.5
SG_018534,0.5
SG_018536,0.5
SG_018537,0.5
SG_018543,0.5
SG_018544,0.5
SG_018547,0.5
SG_018548,0.5
SG_018549,0.5
SG_018553,0.5
SG_018555,0.5
SG_018558,0.5
SG_018566,0.5
SG_018568,0.5
SG_018569,0.5
SG_018573,0.5
SG_018576,0.5
SG_018579,0.5
SG_018587,0.5
SG_018591,0.5
SG_018594,0.5
SG_018601,0.5
SG_018603,0.5
SG_018608,0.5
SG_018611,0.5
SG_018612,0.5
SG_018615,0.5
SG_018617,0.5
SG_018621,0.5
SG_018623,0.5
SG_018624,0.5
SG_018631,0.5
SG_018636,0.5
SG_018637,0.5
SG_018639,0.5
SG_018644,0.5
SG_018645,0.5
SG_018647,0.5
SG_018650,0.5
SG_018651,0.5
SG_018662,0.5
SG_018663,0.5
SG_018664,0.5
SG_018665,0.5
SG_018670,0.5
SG_018676,0.5
SG_018677,0.5
SG_018678,0.5
SG_018680,0.5
SG_018685,0.5
SG_018686,0.5
SG_018687,0.5
SG_018688,0.5
SG_018689,0.5
SG_018693,0.5
SG_018694,0.5
SG_018697,0.5
SG_018703,0.5
SG_018705,0.5
SG_018709,0.5
SG_018710,0.5
SG_018711,0.5
SG_018717,0.5
SG_018721,0.5
SG_018722,0.5
SG_018731,0.5
SG_018733,0.5
SG_018738,0.5
SG_018744,0.5
SG_018745,0.5
SG_018748,0.5
SG_018756,0.5
SG_018758,0.5
SG_018761,0.5
SG_018765,0.5
SG_018766,0.5
SG_018767,0.5
SG_018768,0.5
SG_018770,0.5
SG_018779,0.5
SG_018787,0.5
SG_018788,0.5
SG_018789,0.5
SG_018791,0.5
SG_018792,0.5
SG_018793,0.5
SG_018798,0.5
SG_018799,0.5
SG_018800,0.5
SG_018803,0.5
SG_018806,0.5
SG_018809,0.5
SG_018811,0.5
SG_018817,0.5
SG_018818,0.5
SG_018821,0.5
SG_018822,0.5
SG_018823,0.5
SG_018826,0.5
SG_018831,0.5
SG_018834,0.5
SG_018837,0.5
SG_018838,0.5
SG_018842,0.5
SG_018843,0.5
SG_018847,0.5
SG_018850,0.5
SG_018852,0.5
SG_018853,0.5
SG_018859,0.5
SG_018861,0.5
SG_018875,0.5
SG_018883,0.5
SG_018885,0.5
SG_018889,0.5
SG_018890,0.5
SG_018894,0.5
SG_018895,0.5
SG_018899,0.5
SG_018901,0.5
SG_018902,0.5
SG_018904,0.5
SG_018905,0.5
SG_018906,0.5
SG_018907,0.5
SG_018908,0.5
SG_018915,0.5
SG_018918,0.5
SG_018920,0.5
SG_018924,0.5
SG_018928,0.5
SG_018940,0.5
SG_018941,0.5
SG_018942,0.5
SG_018965,0.5
SG_018966,0.5
SG_018968,0.5
SG_018970,0.5
SG_018972,0.5
SG_018978,0.5
SG_018981,0.5
SG_018984,0.5
SG_018990,0.5
SG_019006,0.5
SG_019012,0.5
SG_019014,0.5
SG_019015,0.5
SG_019016,0.5
SG_019018,0.5
SG_019019,0.5
SG_019023,0.5
SG_019028,0.5
SG_019030,0.5
SG_019036,0.5
SG_019038,0.5
SG_019039,0.5
SG_019041,0.5
SG_019042,0.5
SG_019044,0.5
SG_019051,0.5
SG_019053,0.5
SG_019054,0.5
SG_019058,0.5
SG_019069,0.5
SG_019071,0.5
SG_019082,0.5
SG_019083,0.5
SG_019084,0.5
SG_019087,0.5
SG_019092,0.5
SG_019098,0.5
SG_019102,0.5
SG_019105,0.5
SG_019106,0.5
SG_019109,0.5
SG_019115,0.5
SG_019117,0.5
SG_019119,0.5
SG_019120,0.5
SG_019131,0.5
SG_019142,0.5
SG_019146,0.5
SG_019147,0.5
SG_019149,0.5
SG_019150,0.5
SG_019162,0.5
SG_019167,0.5
SG_019169,0.5
SG_019171,0.5
SG_019176,0.5
SG_019184,0.5
SG_019187,0.5
SG_019190,0.5
SG_019197,0.5
SG_019198,0.5
SG_019201,0.5
SG_019203,0.5
SG_019204,0.5
SG_019208,0.5
SG_019209,0.5
SG_019211,0.5
SG_019212,0.5
SG_019217,0.5
SG_019221,0.5
SG_019222,0.5
SG_019223,0.5
SG_019225,0.5
SG_019237,0.5
SG_019244,0.5
SG_019245,0.5
SG_019246,0.5
SG_019247,0.5
SG_019248,0.5
SG_019249,0.5
SG_019251,0.5
SG_019253,0.5
SG_019254,0.5
SG_019255,0.5
SG_019259,0.5
SG_019265,0.5
SG_019266,0.5
SG_019267,0.5
SG_019270,0.5
SG_019271,0.5
SG_019272,0.5
SG_019273,0.5
SG_019274,0.5
SG_019275,0.5
SG_019276,0.5
SG_019282,0.5
SG_019286,0.5
SG_019289,0.5
SG_019295,0.5
SG_019296,0.5
SG_019298,0.5
SG_019300,0.5
SG_019302,0.5
SG_019311,0.5
SG_019314,0.5
SG_019315,0.5
SG_019316,0.5
SG_019321,0.5
SG_019325,0.5
SG_019326,0.5
SG_019328,0.5
SG_019330,0.5
SG_019333,0.5
SG_019336,0.5
SG_019339,0.5
SG_019346,0.5
SG_019352,0.5
SG_019358,0.5
SG_019362,0.5
SG_019368,0.5
SG_019371,0.5
SG_019373,0.5
SG_019374,0.5
SG_019375,0.5
SG_019376,0.5
SG_019386,0.5
SG_019388,0.5
SG_019394,0.5
SG_019398,0.5
SG_019408,0.5
SG_019411,0.5
SG_019419,0.5
SG_019421,0.5
SG_019425,0.5
SG_019427,0.5
SG_019428,0.5
SG_019431,0.5
SG_019432,0.5
SG_019433,0.5
SG_019436,0.5
SG_019437,0.5
SG_019440,0.5
SG_019442,0.5
SG_019446,0.5
SG_019447,0.5
SG_019449,0.5
SG_019452,0.5
SG_019455,0.5
SG_019456,0.5
SG_019458,0.5
SG_019466,0.5
SG_019468,0.5
SG_019470,0.5
SG_019471,0.5
SG_019473,0.5
SG_019478,0.5
SG_019485,0.5
SG_019488,0.5
SG_019489,0.5
SG_019491,0.5
SG_019496,0.5
SG_019498,0.5
SG_019510,0.5
SG_019516,0.5
SG_019519,0.5
SG_019523,0.5
SG_019527,0.5
SG_019530,0.5
SG_019532,0.5
SG_019534,0.5
SG_019540,0.5
SG_019541,0.5
SG_019543,0.5
SG_019553,0.5
SG_019558,0.5
SG_019562,0.5
SG_019563,0.5
SG_019564,0.5
SG_019567,0.5
SG_019570,0.5
SG_019577,0.5
SG_019583,0.5
SG_019585,0.5
SG_019587,0.5
SG_019588,0.5
SG_019591,0.5
SG_019593,0.5
SG_019598,0.5
SG_019599,0.5
SG_019602,0.5
SG_019609,0.5
SG_019620,0.5
SG_019621,0.5
SG_019624,0.5
SG_019625,0.5
SG_019627,0.5
SG_019635,0.5
SG_019638,0.5
SG_019639,0.5
SG_019642,0.5
SG_019645,0.5
SG_019647,0.5
SG_019648,0.5
SG_019650,0.5
SG_019652,0.5
SG_019654,0.5
SG_019657,0.5
SG_019660,0.5
SG_019661,0.5
SG_019662,0.5
SG_019665,0.5
SG_019666,0.5
SG_019667,0.5
SG_019676,0.5
SG_019679,0.5
SG_019680,0.5
SG_019683,0.5
SG_019689,0.5
SG_019690,0.5
SG_019691,0.5
SG_019695,0.5
SG_019698,0.5
SG_019710,0.5
SG_019711,0.5
SG_019716,0.5
SG_019724,0.5
SG_019727,0.5
SG_019728,0.5
SG_019729,0.5
SG_019733,0.5
SG_019738,0.5
SG_019740,0.5
SG_019746,0.5
SG_019747,0.5
SG_019750,0.5
SG_019755,0.5
SG_019756,0.5
SG_019761,0.5
SG_019764,0.5
SG_019766,0.5
SG_019767,0.5
SG_019769,0.5
SG_019779,0.5
SG_019782,0.5
SG_019783,0.5
SG_019784,0.5
SG_019791,0.5
SG_019792,0.5
SG_019793,0.5
SG_019797,0.5
SG_019800,0.5
SG_019801,0.5
SG_019802,0.5
SG_019804,0.5
SG_019807,0.5
SG_019809,0.5
SG_019811,0.5
SG_019812,0.5
SG_019819,0.5
SG_019828,0.5
SG_019830,0.5
SG_019832,0.5
SG_019835,0.5
SG_019838,0.5
SG_019839,0.5
SG_019842,0.5
SG_019846,0.5
SG_019849,0.5
SG_019851,0.5
SG_019852,0.5
SG_019853,0.5
SG_019854,0.5
SG_019857,0.5
SG_019858,0.5
SG_019859,0.5
SG_019864,0.5
SG_019865,0.5
SG_019868,0.5
SG_019869,0.5
SG_019873,0.5
SG_019878,0.5
SG_019883,0.5
SG_019887,0.5
SG_019888,0.5
SG_019895,0.5
SG_019900,0.5
SG_019903,0.5
SG_019906,0.5
SG_019909,0.5
SG_019910,0.5
SG_019913,0.5
SG_019914,0.5
SG_019921,0.5
SG_019923,0.5
SG_019928,0.5
SG_019930,0.5
SG_019933,0.5
SG_019939,0.5
SG_019941,0.5
SG_019944,0.5
SG_019945,0.5
SG_019947,0.5
SG_019949,0.5
SG_019950,0.5
SG_019954,0.5
SG_019955,0.5
SG_019960,0.5
SG_019961,0.5
SG_019966,0.5
SG_019968,0.5
SG_019970,0.5
SG_019973,0.5
SG_019974,0.5
SG_019976,0.5
SG_019978,0.5
SG_019980,0.5
SG_019981,0.5
SG_019983,0.5
SG_019984,0.5
SG_019985,0.5
SG_019989,0.5
SG_019994,0.5
SG_019998,0.5
SG_019999,0.5
SG_020000,0.5
